камерный	2
террористический	-2
международный	2
поддельный	0
короткий	0
красочный	2
лысый	0
камбоджийско-американский	0
корейский	0
политический	0
армейский	2
совершенный	0
инициировать	0
западный	0
выдавать	0
экстремистский	-2
связывать	0
выполнять	0
узнаваемый	2
дурной	-2
огромный	0
совместный	0
комичный	0
включать	2
симфонический	2
кукольный	0
младший	0
тематический	0
священный	0
правительственный	0
светлый	0
образованный	0
юный	0
прозаический	0
микенский	0
присутствующий	0
устроенный	0
жесткий	0
молодой	2
расхожий	0
каннский	0
государственный	2
возможный	0
основной	0
прошлый	0
перекрестный	0
мужской	0
продолжать	0
холодный	0
мировой	2
занимать	2
уверять	0
нормативный	0
субботний	0
приемный	0
сложный	2
прижизненный	0
жизнерадостный	2
трудовой	2
циничный	2
занятый	0
культовый	0
концептуальный	0
смелый	0
угодный	2
иммерсивный	0
групповой	0
зрелищный	0
высказываться	0
подмосковный	0
обильный	0
пронизывать	0
документальный	0
фальшивый	0
удостоить	0
осуждать	0
световой	0
слезливый	0
проводить	0
жанровый	2
генримиллеровский	0
странный	0
длительный	0
связанный	2
волшебный	0
любопытный	0
выдумывать	0
крупнобюджетный	0
спокойный	0
голливудский	2
пожарный	0
экономический	0
называть	0
признанный	0
запечатлевать	0
шутливый	0
почетный	0
динамичный	2
реальный	0
хорватско-австрийский	2
признательный	0
взрослый	0
продолжительный	2
присуждать	0
вокально-симфонический	0
анонимный	0
передавать	0
плохой	-2
отечественный	2
вечный	2
образовывать	0
лицеприятный	2
окопный	0
раскалять	0
ряженый	0
виртуальный	0
хороший	2
мучительный	0
случаться	0
умный	2
приковывать	0
заформализовать	0
рассерженный	2
отрубать	0
телефонный	-2
актуальный	0
сольный	0
построить	0
вымышленный	0
изолировать	0
давать	0
межконтинентальный	0
приурочивать	0
тревожить	0
модный	0
рабочий	2
этический	0
200-летний	0
столичный	0
пушкинский	0
отставной	2
бывший	0
немой	0
национальный	2
дирижерский	0
кассовый	0
нулевой	0
многонаселенный	0
уверенный	0
знаменитый	2
физический	0
предпремьерный	0
сексуальный	0
уникальный	2
стрессовый	-2
великий	2
концертный	0
растиражировать	0
избивать	0
железнодорожный	0
дорожный	0
творческий	2
оскароносный	0
пивной	0
рассчитать	0
ироничный	0
бедный	0
патриотичный	0
уважительный	0
многоуровневый	0
одноименный	0
полуторачасовой	0
предварительный	0
федеральный	0
португальский	0
пригодный	2
чистый	0
американский	0
критиковать	0
ответственный	0
постоянный	0
часовой	0
внутренний	0
выражать	0
коммерческий	2
насыщенный	0
потерять	0
петербургский	0
резиновый	0
ценный	2
любимый	2
конфликтный	-2
разный	0
красный	2
сценический	2
органичный	0
одевать	0
трепетный	0
чилийский	0
основный	0
зажигательный	0
составлять	0
полноценный	0
криминальный	-2
ударный	0
биологический	0
престижный	2
предыдущий	0
разрушать	0
переживать	0
своеобразный	2
неудавшийся	-2
зальцбургский	0
малоизвестный	0
социальный	2
раскрывать	0
выразительный	2
подловатый	2
дополнительный	0
нормальный	0
малочисленный	0
бросать	0
заслуженный	0
82-летний	0
высокий	2
вчерашний	0
начитать	0
востребовать	0
должный	0
письменный	0
целый	0
иностранный	0
оказываться	0
административный	0
свойственный	0
ошибочный	-2
снимать	2
самопровозглашенный	0
раздавать	0
всемогущий	0
призывать	0
квадратный	0
разумный	2
ночной	0
праздничный	0
газированный	0
знакомый	2
неугомонный	0
рад	0
единоличный	0
остросюжетный	0
глянцевый	0
появляться	0
ужасный	-2
собачий	0
принадлежать	0
внеконкурсный	0
драматургический	0
главный	2
поздний	0
переименовывать	0
личный	0
типовой	0
австрийский	0
вахтанговский	0
стрелковый	0
изысканный	2
режиссерский	0
противоестественный	0
богатый	0
незабываемый	0
ищущий	2
непосредственный	2
оперный	2
редкий	0
духовный	0
сегодняшний	0
балетный	2
хрустальный	0
прославлять	0
сниматься	0
живой	0
вживый	0
родной	0
ложный	0
московский	2
двойной	0
вынуждать	0
рукотворный	0
старший	0
древнегреческий	0
преуспевающий	3
советский	2
типичный	2
флейтовый	0
медленный	0
готовый	0
проходимый	0
военный	2
единый	0
поставлять	0
простой	0
жалобный	0
пальмовый	0
находить	0
маленький	0
грандиозный	0
чтецкий	0
бытовой	0
присущий	2
большой	0
лишний	0
нисходящий	0
юбилейный	0
собирать	0
неприспособленный	0
бежать	0
извечный	0
военно-полевой	0
драматический	2
запоминаться	0
непозволительный	-2
растянутый	0
задействовать	0
обличительный	0
транслировать	0
собственный	2
славиться	0
адекватный	2
успокоительный	0
снайперский	0
официальный	0
приводить	0
абонементный	0
хоровой	0
эстрадный	0
говорить	2
комический	2
русский	2
липкий	0
качественный	2
провокативный	0
капитальный	0
китайский	2
мультимедийный	0
десятилетний	0
магический	0
оставаться	0
привыкать	0
классический	2
грустный	0
воинский	0
старый	2
окружающий	0
открытый	0
коммунальный	0
баллистический	0
захватывать	0
четкий	0
трансгендерный	0
оригинальный	0
замысловатый	0
великолепный	2
обращать	0
масштабный	0
конкурсный	0
35-летний	0
открывать	0
сильный	2
казачий	0
нидерландский	0
положительный	0
определенный	0
электрический	0
иметь	0
приглашать	0
претендовать	0
отдельный	0
разнообразный	0
обновлять	0
основывать	2
посвящать	0
медицинский	0
зависимый	0
абсурдный	0
пушистый	0
обсценный	0
предлагать	0
отборочный	0
баснословный	0
детективный	2
целостный	0
благожелательный	2
игровой	0
выразимый	0
вызывать	0
сентябрьский	0
многочисленный	0
звучать	0
сыграть	0
вписывать	0
женский	2
казахстанский	0
базироваться	2
суммарный	0
полный	0
джазовый	2
ожидать	0
особый	2
гуманистический	2
конструктивный	2
делать	2
харизматичный	0
гоголевский	0
дебютный	0
рекомендательный	0
захватывающий	2
пристальный	0
отснимать	0
скульптурный	0
турецкий	0
домашний	2
комплексный	0
представлять	2
лесной	0
ежегодный	2
ранимый	0
немецко-фашистский	0
индийский	0
принимать	0
тяжелый	0
выдающийся	2
ахиллесов	0
последующий	0
благодарный	2
мультипликационный	2
сумасшедший	0
гениальный	2
русско-армянский	0
выбирать	0
кинематографический	0
эротический	0
убийственный	0
ливанский	0
современный	2
испанский	2
давний	0
лживый	-2
долгий	0
изгонять	0
столетний	0
общий	0
специальный	0
мартовский	0
заядлый	0
шуточный	0
румынский	0
полезный	2
требовать	2
запланировать	0
эмоциональный	0
греческий	0
древний	0
прошедший	0
засекречивать	0
кропотливый	0
эксклюзивный	0
завершать	0
рассказывать	0
солнечный	0
колоссальный	0
доступный	0
земной	0
отрицательный	2
глубокий	2
документально-игровой	0
негативный	0
предусмотренный	0
индивидуальный	0
взвешивать	0
идеальный	2
ирландский	2
либеральный	0
ракетный	0
низкий	0
генеральный	0
больничный	0
выделять	0
традиционный	0
неописуемый	0
лирический	0
38-летний	0
дорогой	0
израильский	0
отличный	0
очередной	0
внимательный	2
политизировать	0
канадский	0
несчастный	0
горьковский	0
чужой	0
героический	2
взрослеть	0
надуманный	0
невиновный	0
музыкально-театральный	0
сравнимый	0
госпитализировать	0
тайный	0
входить	0
яркий	2
любовный	0
философский	0
волевой	0
изобретать	0
13-летний	0
актерский	2
подготовительный	0
выраженный	0
заслуживать	0
взаимный	0
детский	0
зрительский	2
датский	0
объединять	0
психический	0
удивительный	0
разрабатывать	0
удачный	2
предстоящий	0
реакционный	0
смонтировать	0
громкий	2
художественный	2
берлинский	2
английский	0
продлять	0
мешать	0
мемориальный	0
заветный	0
повышать	0
мультиплатиновый	0
популярный	2
южнокорейский	0
северокорейский	2
живописный	0
текстовый	0
однозначный	0
гражданский	0
итальянский	2
академический	2
прямой	0
отделимый	0
белый	0
награждать	0
глиняный	0
широкий	2
выстраивать	0
жить	0
съемочный	0
прославленный	0
продиктовать	0
ядерный	2
счастливый	2
искренний	2
благоприятный	2
инвалидный	0
судебно-медицинский	0
всеобщий	0
приносить	0
запретительный	0
честный	2
намерен	0
предотвращать	2
продавать	0
длинный	0
выставочный	0
тонкий	0
возбуждать	0
нужный	0
профессиональный	0
авторский	2
номинировать	0
собирательный	0
бумажный	0
продажный	0
черный	0
блатной	0
30-летний	0
выгравировать	0
грязный	0
петров	0
поступать	0
премьерный	0
мучить	0
забытый	0
бывалый	0
развертывать	0
12-летный	0
слабый	0
проскальзывать	0
пытаться	0
устанавливать	0
худой	0
здоровый	2
исполнять	0
придумывать	0
субъективный	0
особенный	2
различный	0
заявлять	0
абсолютный	0
обратный	0
научно-фантастический	0
скромный	0
провинциальный	0
венгерский	0
центральный	0
раннеклассический	0
сербский	0
человеческий	0
корабельный	0
рекордный	0
пространственный	0
выставлять	0
коренной	0
драматичный	0
веселый	0
злой	-2
сатирический	0
экуменический	0
настоящий	2
выступать	0
визуальный	2
устраивать	2
47-летний	0
осаждать	0
городской	0
признавать	0
трагический	0
работать	0
норвежский	2
полнометражный	0
15-минутный	2
литературный	0
косметический	0
описывать	0
заметный	2
следующий	0
разрушительный	0
молодежный	2
исторический	0
изобретательный	2
блистательный	2
деревенский	0
действующий	0
левый	0
материться	0
британский	2
внятный	0
шведский	0
активный	0
психологический	2
распродавать	0
вокальный	0
выпускать	2
зыбкий	0
вменяемый	0
умножать	0
космический	0
неоконченный	0
научный	0
звуковой	0
сиреневый	0
изобразительный	0
приветственный	0
печальный	2
футбольный	0
закадычный	0
повседневный	0
дальнейший	0
летний	2
компьютерный	0
происходить	0
являться	0
разражаться	0
создавать	2
иранский	2
бразильский	0
параллельный	0
танковый	0
написать	0
гонконгский	0
донский	0
привычный	0
военно-исторический	0
успешный	2
торжественный	0
парализовать	0
состоять	0
уютный	2
усталый	0
музыкальный	2
приятный	2
непоседливый	0
добрый	2
незамеченный	0
золотой	0
образовательный	0
смешной	0
христианский	0
внешний	0
курдский	0
влюблять	0
ранний	0
храмовый	0
венецианский	0
заключительный	0
экспериментальный	2
проверять	0
финансировать	0
британо-американский	0
самостоятельный	0
опубликовывать	0
многомиллионный	0
замечательный	2
смертный	0
помятый	0
дерзкий	0
новорожденный	0
максималистский	0
подземный	0
бельгийский	0
комедийный	0
выходной	0
обычный	0
финальный	2
педагогический	0
напрасный	0
глобальный	0
хулиганский	2
решать	0
похожий	0
российский	2
филармонический	0
бюджетный	0
легендарный	2
птичий	0
мексиканский	0
вневременный	0
духовой	0
потрясающий	2
четырехухой	0
искать	0
автономный	0
преждевременный	0
алогичный	0
экстравагантный	0
расширенный	0
вручать	0
больший	0
супер	0
позволять	0
культурный	0
запрещать	0
театральный	2
сдержанный	0
заунывно-кружевной	0
располагать	0
понимать	0
последний	0
серебряный	0
теплый	2
распространять	0
мертвый	0
способный	0
закрывать	0
завоевывать	0
долгожданный	0
темный	0
ориентировать	2
романтический	2
ответный	0
единственный	2
археологический	0
наивный	0
фарфоровый	0
естественный	0
немецкий	2
сделать	0
обязательный	0
подписывать	0
танцевальный	0
шекспировский	0
возмущать	0
надумывать	0
трехминутный	0
знаковый	0
понравиться	0
16-летний	0
эпатажный	0
стоящий	0
ростовский	0
поэтический	0
шарообразный	0
сердечный	0
крупный	2
лихой	0
впечатляющий	0
платный	0
формационный	0
соответствующий	0
иронично-издевательский	0
прежний	0
страшный	-2
скандальный	0
фантастический	2
литературно-музыкальный	0
европейский	2
оштрафовать	2
художественно-документальный	0
хореографический	2
скорый	0
называться	0
анимационный	2
искрометный	2
ведущий	2
телевизионный	2
проникновенный	2
таинственный	0
правоохранительный	0
пиковый	0
ролевой	0
осмыслять	0
белорусский	2
понятный	0
временный	0
обвинять	0
тотальный	0
становиться	0
окрашивать	0
прокатный	0
баттловой	0
сваливаться	0
мощный	0
общечеловеческий	0
ставить	0
микст	2
трагикомический	0
нерадивый	0
показывать	0
фестивальный	0
благородный	2
ординарный	2
рядовой	0
увидеть	0
фортепианный	0
интересный	2
зимний	2
спортивный	0
уступать	0
новый	2
креативный	0
общественный	0
кровавый	0
нынешний	0
талантливый	2
голодный	0
случайный	0
публичный	0
уготовать	0
вероятный	0
переводить	0
японский	0
близкий	0
французский	2
использовать	2
парадный	2
исполнительный	2
демократичный	0
важный	0
прецедентный	0
ограниченный	0
правый	0
проявлять	2
сходить	0
изготавливать	0
цифровой	0
конный	0
вступать	0
заблокировать	0
тренировочный	0
струнный	0
одинокий	0
вести	0
выходить	0
новозеландский	0
остроумный	0
благостный	0
крепкий	0
аутентичный	0
бармалейский	0
комфортный	2
ушастый	0
узнавать	0
направлять	0
исполнительский	0
поручать	0
буквальный	0
моральный	0
частный	0
справедливый	2
созвучный	0
формальный	0
одержимый	0
красивый	2
коричневый	0
народный	0
глупый	-2
мюнхенский	0
равный	0
организованный	0
элевсинский	0
налоговый	0
записывать	0
жизненный	0
присутствовать	0
указывать	0
убивать	0
продвигать	0
далекий	0
звездный	2
специфический	2
коварный	0
будущий	0
тщательный	0
наступать	0
логичный	2
студийный	0
пародийный	0
полюбиться	0
возвращать	0
резкий	0
зарубежный	2
прочий	0
данный	0
правильный	0
судебный	2
подобный	0
законченный	0
неотправленный	0
дамский	0
легкий	0
противоречивый	0
участвовать	0
клетчатый	0
организовывать	0
известный	2
парадоксальный	0
служить	0
финансово-хозяйственный	0
расценивать	0
технологический	0
отмечать	0
семейный	0
