наизнанку	0
изначально	0
обидно	0
крайне	2
интенсивно	0
одинаково	0
баттла	0
вокруг	0
успешно	0
вечно	0
менее	-2
главное	0
можно	0
весь	0
нет	0
особенно	0
случайно	0
вскоре	0
ранее	0
объективно	0
леско	0
больше	0
наполовину	0
примечательно	0
ее	0
технологически	0
плохо	0
глубоко	0
вдоль	0
одновременно	0
один	0
быстро	2
далеко	0
все	0
впереди	0
перепечко	0
немедленно	0
прямо	0
однозначно	0
скептически	0
сразу	0
настолько	0
круто	0
навсегда	0
подробно	0
самый	2
сначала	0
назад	0
лестно	0
заметно	0
каков	0
известно	0
мой	0
прочно	0
неизменно	0
чуть	0
сей	0
должно	0
долго	0
надо	0
независимо	0
любой	0
трудно	0
вовне	0
этот	0
максимально	0
ваш	0
сложно	0
кстати	0
нельзя	0
активно	0
посмертно	0
тупо	0
приятно	2
априори	0
их	0
также	0
нужно	0
поистине	0
который	0
часто	0
ровно	0
открыто	0
чандни	0
иной	0
тот	0
по-гречески	0
категорически	0
какой	0
ежегодно	0
мгновенно	0
параллельно	0
издалека	0
по-прежнему	0
совершенно	0
ильдико	0
по-разному	0
скучно	0
отчасти	0
габте	0
стыдно	-2
нелепо	0
искренне	0
ничего	0
затем	0
сравнительно	0
визуально	0
единственно	0
остальной	0
правда	0
весьма	0
удивительно	0
действительно	0
правильно	0
например	0
наш	0
внезапно	0
насколько	0
ницще	0
остроумно	0
почти	0
взаимно	0
включительно	0
вглубь	0
задорно	0
легко	0
красиво	2
здорово	0
замуж	0
сдержанно	0
неожиданно	0
вновь	0
вперед	0
странно	0
полностью	0
несмотря	0
вряд	0
наверняка	0
радостно	0
вдумчиво	0
никакой	0
обычно	0
соответственно	0
более	2
внимательно	0
специально	0
упорно	0
хорошо	2
вообще	0
жестко	0
тепло	0
всемирно	0
муторно	0
совсем	0
четко	0
мало	-2
давно	0
традиционно	0
вслед	0
очевидно	0
такой	0
заодно	0
бережно	0
прочь	0
рэп-баттла	0
впоследствии	0
понарошку	0
исключительно	0
предварительно	0
интересно	2
везде	0
достаточно	0
другой	0
сейчас	0
рано	0
обязательно	0
чей	0
свой	0
более-менее	0
твой	0
слишком	2
дома	0
может	0
точно	2
ясно	2
какой-то	0
примерно	0
мирно	0
фреско	0
однажды	0
логично	0
очень	2
гораздо	0
смело	0
моментально	0
поразительно	0
основательно	0
теперь	0
мягко	0
сегодня	0
самостоятельно	0
постепенно	0
редко	0
много	2
против	0
конечно	0
вдобавок	0
каждый	0
чрезмерно	0
наравне	0
лично	0
видимо	0
конкретно	0
поздно	0
экстерном	0
однократно	0
отчаянно	0
стилистически	0
наверно	0
пока	0
фактически	0
сольно	0
немного	0
возможно	0
сильно	2
вместе	0
практически	0
рядом	0
честно	2
близко	0
первоначально	0
еще	0
ныне	0
уже	0
многий	0
таковой	0
зачастую	0
дельно	2
вслух	0
резко	0
необходимо	0
просто	0
эньеди	0
некий	0
комфортно	2
важно	0
бортко	0
дескать	0
гримо	0
вначале	0
какой-либо	0
ярко	0
понятно	2
явно	0
наверное	0
скоро	0
постоянно	0
тяжело	0
реально	0
какой-нибудь	0
драпеко	0
условно	0
довольно	0
вероятно	0
смешно	0
иногда	0
завтра	0
сколько	0
далее	0
сам	0
снова	0
удачно	0
абсолютно	0
актуально	0
вверх	0
подряд	0
достойно	0
видно	0
его	0
впервые	0
