встреча	0
проблематика	0
развитие	0
дебют	0
старик	0
окружающие	0
форма	0
продолжение	0
стажер	0
оценка	0
позвоночница	0
д	0
собрат-музыкант	0
мистика	0
волнение	0
госсредство	0
мелодрама-фэнтези	0
коллектив	2
конкурсант	0
глубинка	0
буффонада	0
изображение	0
пьеса-притча	0
боварь	0
гений	2
хит-парад	0
француз	0
сражение	0
память	0
балкон	0
бой	0
число	0
февраль	0
заявка	0
прессинг	0
медработник	0
поведение	0
ипостась	0
артист	2
парагваец	2
ступень	0
министр	0
фраза	0
власть	0
англичанин	0
кино	2
триллер	0
просмотр	0
опыт	0
заместитель	2
гражданка	0
дискуссия	0
арт-объединение	0
классика	0
стрельба	0
солдат	0
бык	0
гранд	0
life	0
совершение	0
страница	0
презентация	0
пасьянс	0
синти-поп	0
успех	2
воскресение	0
наглость	-2
скрин-лайф	0
вестерн	0
моноспектакль	0
лабутен	0
85-го	0
up	0
выбор	0
рука	0
важность	0
христианин	0
ноябрь	0
руководитель	0
режиссер	2
весть	0
восторг	2
танцовщик	2
качели	0
батальон	0
месяц	2
отклик	0
дирижер-экспериментатор	2
мечта	0
виновный	-2
and	0
присутствие	0
древность	0
бацилла	0
новобранец	0
аль-али	0
вокалист	2
реклама	0
собор	0
мотивация	0
ванная	0
пьяница	-2
цена	0
решение	0
конфликт	-2
агентство	0
голос	0
веста	0
поле	0
язык	0
взрослый	0
следствие	0
судьба	0
рок-звезда	0
парламентарий	0
энтони	0
наличие	0
рекомендация	0
манера	0
статья	0
ноу-хау	0
свобода	2
экспансия	0
прима	0
друг	2
реакция	0
территория	0
художник-невидимка	0
реконструкция	0
бюджет	0
открытость	0
градус	0
пришелец	0
рабочий	0
гала	0
волна	0
поддержка	2
техникум	0
кинооператор	0
фантасмагория	0
рифма	0
единорог	0
националист	0
понедельник	0
король	0
цирк	0
остановка	0
вежливость	2
защита	0
бабло	0
плотность	0
соединение	0
конец	0
усилие	0
удар	0
пол	0
посетитель	0
зампред	0
ответственность	0
така	0
отец	0
фигура	0
обстоятельство	0
мужчина	0
течение	0
рассказ	0
квадрат	0
центр	0
итог	0
дорога	0
контракт	0
пара	0
часовой	0
ночь	0
почерк	0
возлюбленная	0
сочетание	0
внешность	0
экспозиция	0
керамика	0
мастер-класс	0
сеть	0
предупреждение	0
система	0
скитание	0
республика	0
кинофестиваль	2
туризм	2
раз	0
путешествие	0
чайковский	0
буква	0
знание	0
создание	0
формирование	0
образ	0
лицо	0
фильмография	0
телеведущий	2
протеже	0
курс	0
репертуар	0
эра	0
кон	0
искренность	2
дарование	0
арт-объект	0
подвижничество	2
провинция	0
образец	0
любимец	2
сборы	0
ред	0
гармония	2
фотография	2
условие	0
кинохит	0
кукла	0
развод	0
графство	0
исполнение	0
точка	0
скандалист	-2
душа	0
декабрь	0
архив	2
миллион	0
завет	0
съезд	0
структура	0
фонограмма	0
счет	0
концерт	0
употребление	0
реквизит	0
наряд	0
нарушение	-2
передача	0
сюжет	0
свидетельство	0
аниматор	0
разгильдяй	-2
гуф	0
разведшкола	0
арт-группа	0
врач	0
окружение	0
трагифарс	0
комик	0
собеседник	0
2017-метр	0
зеркало	0
империя	0
редакция	0
бульдог	0
наклонность	0
экстремизм	-2
инсценировка	0
лотос	0
рота	0
наука	2
пение	0
экран	0
десяток	0
правило	0
перформанс	2
счастие	2
смех	2
обэриут	0
работа	0
демонстрация	0
посвящение	0
перерыв	0
головоломка	0
орган	0
количество	0
рынок	0
наполнение	0
киноакадемик	0
дело	0
элита	0
дядя	0
ценитель	0
сила	2
предъявление	0
декорация	0
ловелас	0
блогер	0
удостоверение	0
зверь	0
оснащение	0
подданный	0
освобождение	0
нахождение	2
контур	0
пары	0
тон	0
мажор	0
стычка	0
ценность	2
пионер	0
поэма	0
доплата	0
воспитанник	0
заикание	0
данные	0
трек	0
хоккеист	0
невиновность	0
отношение	0
рэп-культура	0
москвич	0
санкт-петербург	0
ученик	0
оператор	0
детектив	0
инцидент	0
художник	2
нация	0
устройство	0
интерпретация	0
лента	0
видео-арт	0
датчанин	0
враг	-2
шейка	0
достижение	0
министерство	2
кг	0
кровь	0
имя	2
фестиваль-флешмоб	0
город	0
пята	0
борьба	0
the	0
человек-невидимка	0
скрипач	0
пресс-атташе	0
хит	0
рубль	0
телекомпания	0
мера	0
победитель	2
философ	0
соавтор	2
зависть	-2
опасность	-2
осень	0
секс	0
выкуп	0
экзамен	0
пассаж	0
старуха	0
прогулка	0
ощущение	0
маэстро	2
словцо	0
воин	0
собака	0
дружба	2
состав	0
спор	0
46-ом	0
поэзия	0
поручитель	0
историк	2
гран-при	0
вдова	0
нетерпимость	-2
база	0
марафон	0
экшн	0
укрепление	0
сын	0
участник	2
пластинка	0
опера	2
порция	0
обладатель	0
аккаунт	0
мероприятие	0
джунгли	0
обладание	0
пресса	0
зона	0
состояние	0
жалоба	0
поиск	2
аудитория	0
international	0
читка	0
философия	0
фигуристка	0
подвиг	2
галерея	0
статус	0
копродукция	0
преподавательница	0
станица	0
пересъемка	0
акция	0
светильник	0
период	0
час	0
модница	0
балл	0
квартал	0
спектакль-приношение	0
остальное	0
исполнитель	2
новое	0
учреждение	0
реверанс	0
матрос	0
сезон	2
обнаружение	0
имущество	0
чета	0
номинанта	0
капитан	0
цвет	0
вызов	0
частность	0
пытка	-2
правительство	0
слушатель	0
беда	-2
шедевр	2
кларнет	0
вручение	2
промышленник	0
отзыв	0
бунтарка-дочь	0
премьера	2
прототип	2
дисциплина	0
отбор	0
человек	0
инструмент	0
атмосфера	0
медиа	2
наркотик	-2
мат	0
трансформация	0
смотр	0
штука	0
мощь	0
103-метр	0
индустрия	0
начинание	0
дерево	0
военнослужащий	0
номер	0
диск	0
игрушка	0
гент	-2
иван	0
подготовленность	0
популярность	0
камелия	0
пьеса	0
вывод	0
последовательность	0
средство	0
кавалер	0
покупка	0
камера	0
вечер	2
трагедия	0
медведь	2
комитет	0
культуролог	0
вопрос	0
отражение	0
план	0
грек	0
выпускник	0
комикс	0
армия	0
мальчишка	0
журналистка	0
технология	0
советник	0
поступок	0
терьер	0
утопление	0
конкуренция	2
жюри	0
читатель	0
комплекс	0
сенсация	0
фон	0
отрывок	0
элемент	0
формат	0
сериал	0
живопись	0
кинематография	0
иск	0
95-летие	0
эмиграция	0
мать	0
пропаганда	0
карикатура	0
претендент	0
договорняк	-2
ирония	0
перечень	0
огонь	0
шанс	0
штаны	0
грим	0
фортепиано	0
антагонист	0
комедия	0
труд	0
собрание	0
прозвище	0
источник	0
политик	2
киноверсия	0
запрос	0
остров	0
пастораль	0
лобби	0
январь	0
ткань	0
ретро-фестиваль	0
облако	0
вибрация	0
давность	0
канал	2
представитель	0
впечатление	0
новшество	0
дирижер	0
юмор	0
бедро	0
госпиталь	0
контекст	0
отель	0
оркестр	0
двадцатилетие	0
критерий	0
любовь	2
голосование	0
сопровождение	0
улыбка	0
многообразие	0
петербуржец	0
машина	0
посягательство	0
талант	2
трансляция	0
вольнослушательница	0
характер	0
доллар	0
день	2
венецианец	0
фрагмент	0
дежавю	0
торговля	2
соната	0
след	0
расследование	0
директор	2
известность	0
лексика	0
треп	0
прогон	0
2006-го	0
доктор	0
государство	0
зрение	0
койот	0
хозяин	0
повествование	0
мир	2
ансамбль	0
май	0
протяжение	0
сон	0
маска	0
фильм-опера	0
барельеф	0
masters	0
документальность	0
оказание	0
концерт-открытие	0
стена	0
принцип	0
британец	0
пресс-служба	0
федерация	0
воссоединение	0
соответствие	0
генсек	0
километр	0
граница	0
перечисление	0
жертвоприношение	0
единоначалие	0
видеоинсталляция	0
адвокат	2
сказка	0
телеграмма	0
54-метр	0
отголосок	0
рисунок	0
ум	0
пейзаж	0
агрессия	-2
закон	0
песня	0
цирюльник	0
поездка	0
новатор	2
эмир	0
папа	0
подробность	0
фото	0
рогоносец	2
список	0
триумвират	0
понятие	0
коллаж	0
черта	0
алкоголик	0
вал	0
задача	0
фотоконкурс	0
рэп-группа	0
рэп-история	0
инициация	0
коллекция	0
смысл	0
обещание	0
консерватория	0
кинотеатр	0
супруга	0
тыл	0
сообщение	0
правозащитница	0
музыка	2
деньги	0
член	0
пациент	0
поп-звезда	0
отличие	0
кость	0
концепция	0
карьера	0
обвинение	0
лойс	0
возрождение	2
изменение	0
пачка	0
школа	0
медиаискусство	0
роман-эпопея	0
трактовка	0
календарь	0
болезнь	0
тысяча	0
срок	0
киноработа	0
гиперболоид	0
авиация	0
действие	2
турне	0
столетие	0
рейтинг	0
окончание	0
крыло	0
компания	0
познание	0
баритон	2
движение	0
журнал	0
обряд	0
март	2
победа	2
использование	0
певец	2
экшн-фильм	0
высота	0
соло	0
композиция	0
награждение	0
россия	0
кинематографист	0
кисть	0
наметка	0
манси	0
номинант	0
религия	0
богиня	0
первоисточник	0
носитель	0
фронт	0
профессионал	0
полноценность	0
полиция	0
пояс	0
логика	0
телеканал	0
алисомания	0
больной	0
муж	2
интервью	0
конкурс	2
певица	0
самостоятельность	0
дань	0
комфорт	2
1950-ха	0
пресс-конференция	0
церемония	0
кинорынок	0
выходной	0
удача	2
rottentomatoes	0
анимация	0
район	0
любвеобильность	0
киноальманах	0
сторона	0
наказание	0
медаль	0
продажа	0
вербовка	0
ребенок	0
партия	0
богдан	0
американец	0
кибератака	0
еда	0
платформа	0
автомобиль	0
перипетия	0
феномен	0
дубль	0
экс-коллега	0
основа	0
новинка	0
пантера	0
желание	0
просьба	0
баттлов	0
оперетта	0
дошкольник	0
100-летие	0
трилогия	0
упоминание	0
реализация	0
туфелька	0
муха	0
площадка	0
поклонник	0
датчик	0
перелом	0
разнообразие	0
критик	2
полковник	0
проклятие	-2
сексуальность	2
роскошь	0
аллюзия	0
отшельник	0
конфискация	-2
участок	0
спорт	2
сайт	0
звезда	0
окунь	0
жанр	2
портрет-прогулка	0
градоначальник	0
категория	0
катарец	0
эпизод	0
регион	0
футбол	0
кончина	-2
казнь	-2
степень	0
40-летие	0
литература	0
резиденция	0
струна	0
судья	0
знак	2
осуждение	-2
плодородие	0
завершение	0
расписание	0
отдел	0
награда	2
резка	0
проработка	0
лирика	0
приобретение	0
прошлое	0
режиссура	0
пример	0
луч	0
тирания	-2
проект	0
занавес	0
эскиз	2
действо	0
цель	0
46-ть	0
сумма	0
отъезд	0
торт	0
почет	2
тайна	0
кинематограф	0
прием	0
орден	0
полмира	0
реликвия	0
мастерская	0
факт	0
внук	0
уик-энд	0
козни	-2
согласие	0
радио	0
мститель	0
музей	0
луна	0
филармония	0
администрация	0
училище	0
эвакуация	0
кошатник	0
зверек	0
разница	0
онлайн-голосование	0
сага	0
служба	0
110-летие	0
суть	0
табличка	0
выразительность	0
влияние	0
выставка	0
миллиардер	0
запись	0
операция	0
идентичность	0
репортаж	0
самовыражение	0
93-метр	0
реальность	0
лаборатория	0
актриса	2
корреспондент	0
гора	0
пост	0
иерофант	0
видение	0
залив	0
баттл-рэпер	0
христианство	0
пес	2
персонаж	0
губернатор	0
почта	0
налог	0
параноик	2
должность	0
пространство	0
продюсер	2
мия	0
милиция	0
выход	0
время	0
too	0
мультик	0
собака-изгнанник	0
квеста	0
эпидемия	0
премьер	0
эфир	0
хормейстер	0
гнездышко	0
абонемент	0
снимок	0
выезд	0
династия	0
помолвка	0
претензия	0
отпечаток	0
ализ	0
патриотизм	0
доклад	0
страдание	-2
ремонт	0
курсант	0
клоунада	0
ракета	0
хореография	0
мнение	0
фламенко	0
божество	0
шаг	0
содержание	0
утопия	0
телефильм	0
знаменитость	0
рост	0
ложь	-2
энергетика	0
темнота	0
разгадывание	0
контроль	0
тренер	0
мантра	0
правонарушение	0
нога	0
ряд	0
2016-метр	0
поп-музыка	0
мистерия	0
бойцов	0
станция	0
монтажер	0
бытие	0
подлость	-2
император	0
направленность	2
запуск	0
признание	0
релиз	0
отечество	0
больница	0
будни	0
представление	0
мюзикл	0
вовлечение	0
пользование	0
принадлежность	0
фильм-призер	0
синдром	0
пенсионер	0
хип-хоп	2
нуждающийся	0
действительность	0
безысходность	-2
рекорд	2
документалист	0
сатирик	0
портрет	0
спина	0
каникулы	0
кладбище	0
бабушка	0
роман	0
таинство	0
эмпатия	0
стереотип	0
курица	0
ревность	0
perfido	0
киноактер	0
лауреат	2
июнь	0
национальность	0
сестра	2
орел	0
коллегия	0
ворота	0
зал	0
ранение	0
строчка	0
милиционер	0
противник	0
подготовка	0
1970-ха	0
интернет	0
скрипка	0
дел	0
планета	0
каша	0
академия	0
председатель	2
анакторон	0
символика	0
консультант	0
питомец	0
жрец	0
боль	-2
ответ	0
однородность	0
предание	0
сыр	0
костюм	0
вода	0
эстет	0
царевич	0
приз	2
создатель	0
война	0
быт	0
сочинец	0
киноразвлечение	0
самолет	0
секрет	0
подстрекательство	-2
композитор	2
di	0
бессмертие	0
эксперимент	0
группа	0
танец	0
балетмейстер	0
флейта	0
военкомат	0
герой	2
возможность	0
соперник	0
неделя	0
картина	2
ремейк	0
билет	0
темп	0
фьябь	0
талисман	0
мистер	0
одиночество	2
эксперт	0
животное	0
артистка	2
андерсон	0
взаимодействие	0
хор	0
пережитое	0
кинокомикс	2
святыня	0
ленинградец	0
досье	0
кличка	0
монумент	0
реабилитация	-2
скидка	0
сценарий	2
рэп	2
перспектива	0
вещь	0
сопрано	0
со-режиссер	0
фотоэкспозиция	0
труппа	0
рыба	0
глубина	0
различие	0
ария	0
двор	0
головорез	-2
абонемент-фестиваль	0
гонорар	0
группировка	0
смелость	2
гражданин	0
газета	0
лидер	2
пресс-секретарь	0
современник	0
специалист	0
солист	0
осознание	0
ситуация	0
показ	2
киностудия	0
бизнес	0
пиар-компания	0
тело	0
гнев	0
ландшафт	2
драматургия	0
волонтер	0
порок	-2
туман	0
метр	0
осел	0
куратор	0
год	0
профессия	0
избиратель	0
выпуск	0
дистрибуция	0
нож	0
ожидание	0
институция	0
цветочек	2
лекция	0
пульт	0
фантазия	2
финал	0
психушка	0
битва	-2
пианист	0
оппонент	0
репрезент	0
кадр	0
военнопленный	0
честь	2
гуща	0
оборона	0
мысль	0
боец	0
пластика	0
приношение	0
мелодрама	0
домогательство	0
альбом	0
послание	0
президент	2
свалка	0
мессия	0
джазмен	0
соболезнование	0
ветвь	0
1990-е	0
осуществление	2
ленинград	0
иллюзорность	0
игрок	0
короткометражка	0
место	0
гвардия	0
ноль	0
настроение	0
псевдоним	0
гастроль	0
столица	0
ведение	0
кремль	0
квартира	0
вояка	0
легенда	0
художница	0
перемена	0
гениальность	2
треугольник	0
артерия	0
человечество	0
вклад	0
to	0
ссылка	0
самоанализ	0
включение	0
совет	0
символ	0
новость	0
обида	-2
интернет-ать	0
девушка	0
карта	0
адрес	0
произведение	0
балет	2
будущее	0
барокко	0
лошадь	0
телешоу	0
панихида	0
открытие	0
обстрел	0
дежурство	0
писатель-фантаст	0
супермаркет	0
любитель	0
путь	0
техника	2
хамство	-2
киноакадемия	0
1945-ть	0
пещера	0
зампредседатель	0
рэп-комьюнить	0
матч-танец	0
прапорщик	0
гибель	0
гострайтер	0
инопланетянин	0
природа	0
параллель	0
пятница	0
серия	0
отчаяние	0
68-го	0
департамент	0
насилие	-2
заявитель	0
коллега	0
середина	0
глобус	0
рубашка	0
дедометр-моряк	0
удивление	0
миллиард	0
подбор	0
дочь	2
кантри-поп	0
культура	2
of	0
спектакль	2
случай	0
гость	0
полотно	0
танк	0
пост-панк	0
письмо	0
иностранец	0
значение	0
пятачок	0
четверг	0
посещаемость	0
храм	0
зуб	0
выступление	0
старуха-графиня	0
хроника	0
фанат	0
общество	0
беженец	0
настоящее	0
летопись	0
тревога	-2
кирпич	0
процедура	0
возраст	0
угол	0
намерение	0
рампа	0
оборудование	0
фонтан	0
лекарство	0
пенсия	0
процесс	0
форум	2
расставание	0
штраф	0
дюжина	0
картин	0
критика	0
бутылка	0
фонарь	0
выражение	0
качество	0
военный	0
основное	0
командование	0
билборд	2
трагикомедия	0
священник	0
журналист	2
годовщина	0
травма	0
производитель	0
вариант	0
среда	0
всадник	0
совпадение	0
воспоминание	2
заседание	0
версия	0
просветительство	2
ясность	0
ролик	0
театр	2
секция	0
крест	0
формация	0
городок	0
брат	2
шутка	0
публика	0
цикл	0
искусство	2
кинопремия	0
признак	0
квест	0
прощание	0
аспект	0
порядок	0
начало	0
камень	0
подросток	0
корысть	-2
напоминание	0
практика	0
ребята	0
75-летие	0
обязанность	0
полигон	0
роль	2
богатырь	2
способность	0
клоун	0
апелляция	0
название	0
мост	0
лейбл	0
помощь	0
тридцатьчетверка	0
резина	0
страна	0
трудоголик	0
август	0
достоинство	0
коридор	0
энергия	0
смерть	2
предмет	0
направление	2
хайп	0
переложение	0
киновселенная	0
1890-го	0
участие	0
глава	0
приступ	0
гитара	2
процессия	0
проказница	0
авторитет	0
племянник	0
значимость	0
подчинение	0
надежда	0
организация	0
потепление	0
зверенок	0
святилище	0
юноша	0
ленин	0
звание	0
краска	0
книга	2
повесть	0
художник-постановщик	0
адаптация	0
проблема	2
чудо	2
депутат	0
момент	0
предложение	0
протокол	0
студент	0
финансирование	0
уровень	0
протест	0
журавль	0
карпов	0
актер	2
музыкант	2
стиль	0
экстремист	-2
конституция	0
пасквиль	-2
видеоживопись	0
свадьба	0
минута	2
существование	0
злодей	-2
ведомство	0
спасибо	0
повадка	0
мультфильм	2
баттл-площадка	0
дебютант	0
описание	0
род	0
одиночка	0
арт-пространство	0
гильдия	2
молодежь	0
ограничение	0
июль	0
1983-го	0
лесть	0
драма	0
материал	0
судно	0
дверь	0
офицер	0
долголетие	0
жизнь	2
крыша	0
солистка	2
деревня	0
сценограф	0
in	0
половина	0
союзник	0
разрушение	0
цензура	0
россиянин	0
микрофильм	0
визит	0
реестр	0
королевство	0
худрук	2
драматург	0
сигарета	0
фильмокопия	0
пятерка	0
мудрец	2
побег	0
чемпионат	0
трон	0
товарищ	0
баттлы	0
ас	0
результат	0
деятельность	0
номинация	2
страх	0
дата	0
позиция	0
удовольствие	2
река	0
несчастие	-2
профессор	0
слава	0
рождение	0
здоровье	0
парадокс	0
рэгтайм	2
пора	0
анонимность	0
хищение	0
аспирантура	0
предательство	-2
кинокритик	0
политика	2
знакомый	0
творчество	2
родина	0
весна	0
2004-го	0
валид	0
оголтелость	0
причина	0
лето	0
крокодил	0
рэпер	0
киновед	0
артефакт	0
герман	0
долгострой	0
педагог	0
палец	0
замысел	0
парень	0
полк	0
уничтожение	-2
охранник	0
подзаголовок	0
лицемерие	-2
жако	0
телевидение	2
хореограф	2
сцена	0
умерший	0
противостояние	0
пушкин	0
и	0
прокат	2
сотня	0
телесериал	0
картинка	0
сотрудник	0
наследие	0
приказ	0
заявление	0
идея	2
1942-го	0
уголок	0
piano	0
эффект	0
создательница	0
видео	0
здание	0
виселица	0
учредитель	0
правда	0
поступление	0
обсуждение	0
сингл	0
втор	2
необходимость	0
кинокомпания	0
распад	0
аномалия	0
очевидец	0
поросенок	0
экс-помощник	2
шар	0
нашествие	0
фотограф	0
чтец	0
бамбук	0
разговор	0
десятилетие	0
радость	2
объявление	0
разделение	0
закрытие	0
угроза	0
авария	-2
дистрибьютор	0
жажда	-2
исполнительница	0
монодрама	0
вице-президент	0
мама	0
загадка	0
копия	0
лоб	0
сбор	2
рояль	0
топ	0
рок-музыкант	0
заказ	0
ягненок	0
надгробие	0
знамя	0
журналистика	0
самоповторение	0
правление	0
нить	0
художество	0
символист	0
стрим	0
полет	0
баттл	0
народ	0
проведение	0
институт	0
ошибка	0
гол	0
скульптура	2
мышца	0
работник	0
стих	0
раунд	0
общественник	0
юбилей	0
поход	0
марта	0
вокал	0
героиня	0
задание	0
бен	0
издание	0
управление	0
соня	0
либретто	0
съемка	0
захватчик	-2
скандал	-2
афиша	0
кинорежиссер	0
заблуждение	-2
подмостки	0
бюллетень	0
белье	0
оружие	0
мусор	0
размер	0
объект	0
прорыв	0
округ	0
уикенд	0
к	0
подруга	0
поэт	2
ассоциация	0
немец	0
очередь	0
археолог	2
приближение	0
дом	0
подполковник	0
сеттер	0
экология	2
безопасность	0
клип	0
грех	-2
поза	0
происхождение	0
строение	0
тюрьма	0
идеология	0
сфера	0
способ	0
алкоголь	0
amori	0
компьютер	0
традиция	0
грань	0
суббота	0
глаз	0
бизнесмен	0
сочувствие	2
мастерство	2
студия	0
коляска	0
озеро	2
унижение	-2
улица	0
11-го	0
октябрь	0
рыцарь	0
текст	0
аэропорт	0
целое	0
сердце	0
множество	0
2014-метр	0
жена	0
очарование	2
ретроспектива	0
конференция	0
попутчик	0
киноиндустрия	0
baby	0
кинопроизводство	0
птаха	0
соревнование	0
обыск	0
рэп-композиция	0
домик	0
сотрудничество	0
страсть	0
обстановка	0
находка	0
соавторство	0
берег	0
непосвященный	0
поляков	0
госфинансирование	0
арт-фотография	0
мораль	0
палатка	0
жертва	0
право	0
пьеса-путешествие	0
артиллерия	0
контрастность	0
достоверность	0
арест	-2
событие	2
рыбина	0
мерка	0
речь	0
интернет-компания	0
сержант	0
мальчик	0
атари	0
дворец	0
рок-музыка	0
шоу	0
интрига	0
сочинение	0
женщина	2
издательство	0
любимчик	0
устав	0
телеспектакль	0
портал	0
подарок	0
тройка	0
взрыв	-2
мультипликация	0
девочка	0
репетиция	0
оригинал	0
гитарист	0
раскопка	0
65-летие	0
узнаваемость	0
панч	0
подписка	0
воля	0
исключение	0
усыновление	0
переулок	0
энни	0
рамка	0
высказывание	0
игра-размышление	0
обитатель	0
схема	0
аргумент	0
красота	2
фестиваль	0
дама	0
прель	0
скульптор	0
игра	0
красавица	2
искушение	0
гвоздь	0
рок-группа	0
150-летие	0
вторник	0
тема	0
75-ть	0
одаренность	2
босс	0
дисса	0
платочек	0
блокада	0
житель	0
барсук-адвокат	0
прискорбие	0
инженер	0
уклон	0
варвар	0
голова	0
понимание	0
68-ть	0
одежда	0
заведующая	0
крушение	-2
терпение	0
подход	0
партнер	0
деятель	0
статуя	0
родитель	0
бог	0
сарказм	0
обочина	0
контратенор	0
семья	2
штамп	0
палитра	0
акцент	0
битмейкер	2
документ	0
сплоченность	2
амплуа	0
законодательство	0
зала	0
арт	0
поколение	0
сложность	0
рассказчик	0
земля	0
памятник	0
указ	0
птичка	0
строка	0
испытание	0
мелодия	0
творец	2
фокус	0
лагерь	0
зритель	2
дед	0
основатель	0
организатор	0
фонд	0
койка	0
мятеж	0
с	2
потенциал	0
расширение	0
screen	0
бизнес-консультант	0
бойня	-2
клятва	0
праздник	2
комментарий	0
большинство	0
уважение	2
бельгиец	0
сеанс	0
приглашение	0
сентябрь	0
публикация	0
площадь	0
рок	0
интимность	0
похороны	0
юность	0
оттенок	2
ассистент	0
плацдарм	0
кампания	0
кафедра	0
уникальность	2
предпочтение	0
аферист	-2
мачеха	0
отчет	0
войско	0
живописец	0
минор	0
в	0
сено	0
логоневроз	0
внимание	0
комиссия	0
бал	0
связь	0
ход	0
айфон	0
вид	2
классик	0
призывник	0
дух	0
гейша	0
эмма	0
падение	0
уникум	0
личность	0
сомнение	0
офис	0
образцова	0
валенок	0
руководство	0
защитник	0
этап	0
обучение	0
писатель	2
сценарист	2
век	0
область	0
канун	0
телепрограмма	0
кокетство	0
умение	0
супергерой	0
популяризация	0
взаимоотношение	2
соратник	0
четверка	0
рефлексия	0
славистика	0
харизма	2
чувство	0
предпросмотр	0
1966-метр	0
поклонение	0
экспонат	0
мотив	0
римас	0
возвращение	0
положение	0
детство	0
стремление	0
опаска	0
диалог	0
революция	0
верх	0
слово	0
200-летие	0
приключение	2
теракт	0
ведущий	0
милосердие	2
царь	0
размышление	2
бумага	0
фильм	2
s	0
бренд	0
суд	0
органист	0
часть	2
оформление	0
постановка	0
обморок	0
дуэт	0
история	0
повод	2
сравнение	0
эпоха	0
молчание	0
нападение	0
гала-концерт	0
взгляд	2
программа	2
ученый	0
трагизм	-2
автопортрет	0
слоган	0
франшиза	0
общение	0
сценография	0
свет	0
