стеснение	0
вина	-2
проблематика	0
развитие	0
погружение	0
окружающие	0
дождь	2
прикосновение	0
оценка	0
бесчинство	0
случайность	0
киноискусствовед	0
рука	0
естественность	0
набросок	0
достояние	0
конфликт	-2
магнетизм	0
осадок	0
пересказ	0
забота	2
спад	-2
ди	0
психика	0
изображение	0
4-го	0
гений	2
копирование	0
кол	0
искание	0
бой	0
число	0
трюфель	0
правосудие	0
холст	0
синдром	0
природа	0
щека	0
фраза	0
власть	0
трус	-2
частность	0
телефон	0
поворот	0
триллер	0
просмотр	0
ведьма	0
шкаф	0
комбинация	0
классика	2
бедность	-2
ужастик	0
притязание	0
теоретик	0
фигура	0
нагоняй	0
презентация	0
привлечение	0
толстющий	2
воскресение	0
киборг	0
японец-ученый	0
сокрытие	0
шок	0
кость	0
чтение	0
ранчо	0
гей	-2
малолетний	-2
интеллект	0
христианин	0
поступок	-2
европеец	0
концепция	0
вероятность	0
экшено	0
община	0
отклик	0
предостережение	2
мечта	2
самоуничтожение	0
присутствие	0
лозунг	0
умник	2
выговор	0
коверкание	0
триер	0
существо	0
прогноз	0
цена	2
социопатия	0
пение	0
kombat	0
тишки	0
голос	0
искусственность	0
язык	-2
следствие	0
судьба	0
луна	0
мода	0
гладиолус	0
роза	0
круг	0
концептуальность	0
возмущение	-2
коготь	0
невротик	0
несуразица	0
статья	0
месседж	0
полицай	-2
левиафан	0
штат	0
реакция	0
подлокотник	0
мафия	0
годзилла	0
фильм-антиутопия	0
бюджет	2
ментор	0
пачка	0
коленка	0
изба	0
катарсис	0
поддержка	2
80-ха	0
любование	0
пародия	0
зазнайка	-2
самомнение	0
социум	0
шапочка	0
остановка	0
защита	0
соединение	0
бункер	0
bait	0
we	0
режиссер-сценарист	0
there	0
сольник	0
признание	-2
аллегория	0
недостаток	0
динамизм	0
непосредственность	2
обстоятельство	0
снаряжение	0
подколка	0
стилистика	0
кальсоны	0
стезя	0
нуу	0
рассказ	0
страна	0
нота	0
монумент	0
стейк	0
сосед-полицейский	0
демократия	0
посыл	0
ночь	2
почерк	0
критерий	0
ценитель	0
внешность	0
пласт	0
храм	0
сражение	0
боец	0
система	0
предатель	-2
выстрел	0
сантименты	0
тындынция	0
достоинство	0
извращение	-2
трейлер	0
бочка	0
экшен-сцена	0
буква	0
дебютант	0
память	0
формирование	0
измерение	0
битва	0
лазер	0
спецслужба	0
вывод	0
лицо	2
фильмография	0
курс	0
березка	0
поводырь	0
искренность	2
прихожая	0
змея	0
типаж	0
дворец	0
помещение	0
сборы	0
мать-наркоманка	2
гармония	2
фотография	0
легкость	0
йо	0
преимущество	2
исполнение	0
прокат	0
фабула	0
убийство	-2
неверие	0
респект	0
миллион	0
завет	0
дополнение	0
долина	0
счет	0
развалины	0
сигнал	0
пустозвон	-2
фильм-мюзикл	0
лекало	0
тиранозавр	0
свидетельство	0
скальпель	0
параметр	0
кинопроизведение	0
возложение	0
недоподросток	0
интеллигенция	0
дюжина	0
взаимосвязь	0
переводчик	0
переваривание	0
юрист	0
канон	0
возбудитель	0
унитаз	0
зеркало	0
компания	0
веселие	2
др	0
привычка	0
цивилизация	0
жена	2
противопоказание	0
видеоэкран	0
мышление	0
ренессанс	0
поход	0
экран	0
акт	0
саунд	0
терапия	0
заряд	0
160-ти	0
демонстрация	0
поощрение	0
перерыв	0
добродетель	2
панорама	0
киноакадемик	0
lot	0
истина	0
стекло	0
велосипед	0
переезд	0
полка	0
психотерапия	0
подсознание	0
декорация	0
мамаша-наркоманка	0
катастрофа	-2
коллектив	0
настойчивость	0
зверь	0
кино-опус	0
расчет	0
воздействие	0
ненависть	-2
училка	0
аплодисменты	0
плечо	0
богомол	0
тон	0
стычка	0
край	0
мадам	0
стереотипность	-2
сумятица	0
минимализм	0
76-го	0
условность	0
хоккеист	-2
обнимка	0
издевательство	-2
субстанция	0
отношение	0
содомит	-2
москвич	0
тезис	0
андроид	0
самоотдача	0
репостер	0
зрелость	0
прихоть	-2
лес	0
художник	0
удача	2
сорт	0
враг	-2
хозяин	0
ухо	0
кг	0
засуживание	-2
солдат	0
имя	0
тоннель	0
актерка	0
многообразие	0
борьба	0
задавака	-2
обратимость	0
хит	0
исполнительность	2
мера	0
философ	0
андеграунд	0
опасность	-2
гадливость	-2
книга	0
подъем	0
sorry	0
секундочка	0
дружба	2
состав	2
обед	0
обезьяна	0
тонна	0
восприятие	0
топливо	0
нетерпимость	-2
колбаса	0
в	0
девочка	-2
экскременты	0
пламень	0
обладатель	0
энд	0
лапка	0
джунгли	0
служитель	0
зона	0
крестный	0
мел	0
b-movies	0
еда	0
аудитория	0
мат	0
мощь	2
равнодушие	0
материнство	2
кульминация	0
статус	0
ближний	0
черепаха	0
банк	0
период	0
балл	0
скамейка	-2
остальное	0
доработка	0
предложение	0
азарт	2
дурачок	0
us	0
институт	0
сбережение	-2
poka	0
смена	0
know	0
номинанта	0
острие	0
цвет	-2
зведочек	2
иисус	0
пресс-показ	0
пища	0
карикатура	0
беда	-2
гомосексуальность	0
шедевр	2
вручение	0
отзыв	2
мусоление	0
смесь	0
гавно	0
комбо	0
богиня	0
частичка	0
рефлекс	0
наркотик	-2
отпуск	0
seen	0
буря	0
дремучесть	0
б	0
номер	0
диск	0
индульгенция	0
испаритель	0
киномонстр	0
стиль	0
этюд	0
пробуждение	0
последовательность	0
so	0
учительница	0
вечер	0
трагедия	0
крик	0
игуана	0
запад	0
налог	0
подражание	0
видимость	0
экшен	0
план	0
оборот	0
комикс	0
торба	0
перемещение	0
72-го	0
заготовка	0
могущество	0
сауна	0
советник	0
пояснение	0
ура-патриотизм	0
читатель	0
комплекс	0
фон	2
лужайка	0
смирена	0
элемент	0
церемония	0
сериал	0
барбаросс	0
приоритет	0
нахрен	0
кража	-2
грядущее	0
романтика	2
смелость	2
монолог	2
fighter	0
халка	0
мяч	0
гонение	0
документалистика	0
преподношение	0
сиквел	0
выкидыш	0
искра	0
комедия	0
дар	0
труд	0
собрание	2
подоплека	0
несусветиц	0
бестолочь	-2
рука-ножницы	0
дочь	0
воля	0
кинокартина	0
расцветка	0
братан	0
минута	0
жесть	-2
патология	0
басня	0
растение	0
максимум	2
впечатление	-2
эшафот	0
месяц	0
писание	0
злодей	-2
зов	0
шлейф	0
расплата	2
вылупление	0
спин-офф	0
трава	0
зверство	-2
чертог	0
самосознание	2
шляпа	0
любовь	2
вранье-вранье	0
фишка	0
крючок	0
до	0
губернатор	0
машина	0
кожа	0
абсурдность	-2
талант	2
трансляция	0
сьемки	0
основание	0
идиллия	0
станок	0
глупость	-2
фрагмент	0
банан	0
благо	0
экзицинчин	0
инстинкт	0
свинина	0
торговля	0
пролетарий	0
след	0
лиричность	0
минус	0
известность	2
самец	0
кино-премия	0
барин	-2
клеймо	0
спартач	0
зрение	-2
руль	0
мощность	0
микс	0
богослов	0
сказочность	0
продых	0
повествование	0
мир	2
пепси	0
целеустремленность	2
котелок	0
атрибут	0
маска	0
задворки	0
стена	0
принцип	0
спаривание	0
окно	0
стихотворение	0
скелет	0
пазл	-2
гордость	2
частота	0
перечисление	0
пиршество	0
лошадка	0
галочка	0
контраст	0
телевизор	0
океан	0
адвокат	0
сказка	0
киношник	0
полочка	0
пейзаж	2
избиение	0
закон	0
песня	-2
аппетит	0
мульт	0
фото	0
раскрученность	0
ужас	-2
оплата	0
задача	0
препирательство	0
фэн-шуя	0
калейдоскоп	0
мен	0
сознание	0
коллекция	0
луг	0
доказательство	0
кинотеатр	0
супруга	0
птица	0
уста	0
агнец	0
баба	0
шевелюра	0
мужик	0
фильм-пустышка	0
музыка	-2
дуга	0
дверь	0
проволока	0
член	0
беспросветность	-2
мука	0
натюрморт	0
метод	2
футбол	0
наркоман	-2
обвинение	0
эго	0
строй	0
голова	-2
раздувание	0
объяснение	0
полуреплика	0
избранник	0
киноклассика	0
трактовка	0
меньшинство	0
рассуждение	0
тысяча	0
предвзятость	-2
медленность	0
лауреат	0
педерастия	-2
60-ха	0
герой-диссидент	0
столетие	0
рейтинг	0
окончание	0
крыло	0
беспокойство	-2
паразит	0
72-метр	0
победа	2
певец	0
душок	2
реализация	0
электричество	0
пафос	0
флэшка	0
связность	-2
кисть	0
коварность	-2
негодяй	-2
с	0
козловский	0
сосед	0
куча	0
расцвет	0
рисование	0
рубеж	0
муж	2
60-летие	0
популярность	0
зоофил	0
рог	0
грохот	0
корабль	0
антагонист	0
величие	2
цензура	0
странность	0
стратегия	0
медаль	0
правота	0
ребенок	2
разочарование	-2
партия	0
коллапс	0
начало	0
пирог	0
инок	0
тупица	-2
перипетия	0
триквел	0
награмождение	0
занавес	0
веревочка	0
новинка	0
прокладка	0
масштаб	0
вымирание	-2
кинофантастика	0
даль	0
письмо	0
выведение	0
матч	0
завязочка	0
неровность	0
вспоминание	0
паренек	0
перепетия	0
прозрение	0
экипировка	0
интервью	0
сопли	2
тавтология	0
критик	0
фуфло	0
сексуальность	2
спортсмен	2
территория	0
творение	2
цветок	0
скандинав	0
бубнение	0
сайт	0
звезда	0
специфика	0
мишура	0
блоха	0
термин	0
истерика	0
самоограничение	0
разряд	0
обогащение	0
дерзость	0
утро	0
коротышка	2
совершенство	2
казнь	-2
класс	0
глазок	0
застой	-2
асфальт	0
облачение	0
бессмысленность	0
осуждение	-2
бред	-2
абсурд	-2
мерзавец	-2
награда	2
станция	0
эпичность	2
проработка	0
лирика	0
соус	0
тупик	-2
безверие	0
режиссура	2
попытка	-2
занятие	0
аналогия	0
фаллос	0
ком	2
проект	0
призыв	0
рыцарь	0
беспорядок	-2
цель	0
отсутствие	2
гомофоб	-2
ландшафт	0
лейтмотив	0
метро	0
кино-вселенная	0
внук	0
зрелище	0
грош	0
черствость	0
ноль	0
рвение	0
мазохистка	-2
деятельность	0
эл	0
смешение	0
постановщик	0
репутация	0
ужастика	0
мята	0
тухлятина	0
служба	0
суть	0
поединок	0
разборка	0
самоотверженность	2
дно	0
запись	0
убранство	0
цикл	0
поедание	0
гурьба	0
гонка	0
тарасов	0
пресечение	0
заклинатель	0
искажение	0
циник	-2
академик	0
грабли	0
педераст	-2
перелом	0
музыкант	0
намерение	0
закономерность	0
адекватность	2
пыль	0
подчиненный	0
параноик	2
риск	0
схватка	0
продюсер	0
теплота	0
мия	0
щетина	0
веко	0
подделка	0
переход	-2
хирург	0
воздушность	0
эфир	0
пакет	0
шов	0
функция	0
посуда	0
страх	2
патриотизм	0
страдание	-2
антипод	0
пальто	0
характеристика	0
ведерко	0
утеха	0
ужасник	0
клише	-2
царство	0
изнеможение	0
к	0
протуберанец	0
модель	0
рост	0
ложь	-2
заголовок	0
песне-пляска	0
темнота	0
визуал	0
алтарь	0
нога	0
диагноз	0
папаха	0
бекмамбетовщина	0
иконография	0
безнадежность	-2
о	0
год	0
н	0
раскрытие	0
бытие	0
жесткость	0
подлость	-2
вечерок	0
навязчивость	0
запуск	0
цех	0
спокойствие	0
режим	0
электроовец	0
шутка	0
будни	2
мусор	0
мюзикл	0
тошнота	-2
маразм	0
агитсъемка	0
скука	-2
отец	2
предательство	-2
последствие	0
индивидуальность	0
мазафак	0
портрет	0
сюрреализм	0
репликант	0
плюс	0
кладбище	0
роман	0
манифест	0
столкновение	0
благодарность	2
непривычка	0
брезгливость	0
проститутка	0
удобство	2
творчество	0
сестра	2
старость	0
вуду	0
сухарь	0
наивность	-2
фильм-катастрофа	0
строчка	0
омрачение	0
пререкание	0
уверенность	0
тоталитаризм	0
бисексуал	2
давление	-2
планета	0
канава	0
определение	0
повешение	0
непринужденность	0
председатель	0
дядя-тореадор	0
натяжка	0
проигрываем-развал	0
низкорослик	0
боль	-2
комментарий	0
сыр	0
вода	0
создатель	2
клюква	0
война	0
барахло	0
умолчание	0
крокодил	0
композитор	2
поп-корн	0
трафарет	0
кино-момент	0
белиберда	-2
позитив	0
снобизм	0
герой	2
ухажер	0
детка	0
фактура	0
ремейк	0
единоличник	0
тормоз	0
призма	0
мистер	0
миллионер	0
тоска	-2
заключение	0
саспенс	0
z	0
скромность	2
самоуверенность	0
жизнеспособность	0
вера	2
грудь	2
рубище	0
отсебятина	0
доска	0
перевод	0
скидка	0
лопатка	0
сценарий	2
сходство	0
малое	0
мразь	-2
надавливание	0
мэтр	0
потеря	0
капелла	0
рыба	0
лечебница	0
противоположность	0
дядюшка	0
кадры	0
безразличие	2
одиночка-псих	0
группировка	0
ухудшение	-2
газета	0
киноаудитория	0
it	0
возвращение	0
минимум	0
преломление	0
умиление	-2
низость	2
осознание	0
ситуация	0
показ	0
киностудия	0
голубизна	0
редкость	0
содомитянин	0
стратостат	0
эпизод	0
мерзость	-2
кинематограф	2
пустышка	2
застревание	0
фальшь	-2
парк	0
метр	0
кинокамера	0
икона	0
горстка	0
секс-меньшинство	0
профессия	0
потрясение	0
копейка	0
натурал	0
мудрость	2
цветочек	0
тяга	0
фантазия	2
псих	0
кумир	2
вэйвформ	0
пляж	0
no	0
шкала	0
голубок	0
оборона	0
мысль	-2
турист	0
огонек	0
доза	0
каста	0
развязка	0
мелодрама	0
подросток	2
проигрывание	0
чудорас	0
плазма	0
зрелищность	2
свалка	0
сгусток	0
тварь	0
зима	0
преткновение	0
вспышка	2
сахар	0
касса	0
воплощение	2
северокореец	0
опус	0
каданс	0
синопсис	0
выращивание	0
сцена	2
клюв	0
квартира	0
экшн	0
матерь-одиночка	0
легенда	2
символизм	0
единица	0
злодеяние	-2
шум	0
справедливость	2
затрата	0
длина	0
be	0
новость	0
посадка	0
гомосексуалист	0
разлад	-2
рецензент	0
качество	2
отщепенец	0
беженка	0
будущее	2
педофилия	-2
алкоголизм	-2
вождь	0
одиссея	0
конечность	0
тропинка	0
способность	2
кассета	0
утрирование	0
соображение	0
тигр	0
короткометражка	0
культ	0
блокбастер	2
y	0
призрак	0
укрытие	0
пацан	0
физиономия	0
параллель	0
драматизм	0
отчаяние	2
шутеечка	0
насилие	-2
veki	0
коллега	0
глобус	0
наследие	0
плохиш	0
оскароносец	0
подбор	0
функционер	0
штрих	0
культура	0
психология	0
график	0
спектакль	0
медсестра	2
гость	0
пляска	0
агрегатор	0
кружева	0
артхаус	0
парашют	0
горлышко	0
стол	0
industrial	0
безумие	-2
бесчувствие	0
хроника	0
фермер	-2
терминология	0
психолог	0
прокурор	-2
разбор	0
настоящее	2
кубрик	0
феникс	0
чавкание	0
доверие	0
провинция	0
воспитатель	0
лекарство	0
карман	0
процесс	0
гротеск	0
неспособность	-2
китаец	0
несчастный	0
лечение	0
происшествие	-2
тяжесть	0
бездарь	-2
финт	0
стог	0
военный	0
эльф	0
политкорректность	0
простой	-2
череда	0
писательство	0
кубик-рубик	0
амплуа	0
остер	0
профессионализм	2
лидерство	0
only	0
показатель	0
мучение	-2
производитель	0
пропасть	0
дисгармония	-2
участь	0
совпадение	0
воспоминание	-2
видео	0
ролик	0
мирок	0
крест	0
дурак	-2
городок	0
брат	2
грусть	2
костяк	0
животное	0
искусство	2
звено	0
кинобиография	0
animation	0
кинопремия	0
квест	0
ютуб	0
аспект	0
порядок	0
капля	0
деньги	0
прон	0
практика	0
опасение	0
мамаша	-2
комплимент	2
роль	2
треск	0
свершение	0
великолепие	2
клоун	-2
восхищение	2
название	0
гомофобия	0
лист	0
послушание	0
колено	0
гомосексуализм	0
сыпящийся	0
экзотика	0
душа	-2
порочность	-2
питух	0
выставление	0
предмет	0
самоубийца	-2
потолок	0
забывание	0
участие	0
рычаг	0
гад	-2
град	0
темень	0
необходимость	-2
нравственность	0
мала	0
порнография	0
наркомания	-2
злоключение	0
четверочка	0
жуть	-2
загвоздка	0
учитель	0
кровь	0
заглавие	0
тряпка	0
боксер	0
краска	0
трудность	0
защиток	0
повесть	0
дуэт	0
панель	0
комок	-2
чудо	2
зараза	0
вопль	0
чередование	0
момент	0
баскетбол	0
стон	0
обман	-2
уровень	2
протест	0
ridge	0
челюсть	0
актер	0
дело	0
сезон	0
стечение	0
сожительство	0
достаток	0
киберпанк	0
перевирание	0
канадец	0
паста	0
секунда	0
внимание	2
однобокость	-2
японец	0
трио	0
спасибо	-2
полуслово	0
привлекательность	2
адрес	0
описание	0
род	2
луч	0
похожесть	0
перерождение	0
you	0
ограничение	0
морда	0
oh	0
материал	0
девиант	0
фарс	0
крах	-2
жизнь	2
крыша	0
медицина	0
автокатастрофа	0
часы	0
киноискусство	0
влечение	0
хоррор	0
in	0
половина	0
потребление	0
разрушение	0
мать	2
бытность	0
раздражение	-2
паразитизм	0
таковой	0
аниматор	0
магнит	0
fish	0
афроамериканец	-2
удачник	2
виз	0
барышня	0
побег	2
чемпионат	0
нищета	0
никакущая	0
снег	0
пролог	0
вердикт	0
бальзам	0
навал	0
вмешательство	0
дата	0
монах	0
закалка	0
река	0
несчастие	-2
любовник	0
оболочка	0
здоровье	-2
сенэн-сериал	0
сутки	0
ежик	0
пора	0
ругательство	-2
нотка	0
мейнстрим	0
раса	2
фокус	0
am	0
атетист	0
притча	0
родина	0
начальство-спонсор	0
недоверие	-2
радуга	0
рождение	0
диапазон	0
игла	0
мистицизм	0
восьмерка	0
баланс	0
заработок	0
поклон	0
пудель	0
отчуждение	0
мелочь	0
вашингтон	0
грузовик	0
палец	0
тембр	0
нанесение	0
налет	0
яркость	0
покой	0
слава	0
уничтожение	-2
притворство	0
честь	2
ничтожество	-2
стойкость	2
писанина	0
полис	0
нитка	0
отстой	-2
разум	0
вор	-2
лотерея	0
польза	2
заявление	0
нисколечко	0
закрытость	0
прелесть	2
уголок	0
наркодилер	-2
примитив	-2
следование	0
эффект	0
душевность	2
охотник	2
постер	0
смотрибельность	0
обсуждение	0
империя	0
эмоция	-2
кролик	0
глотка	0
шар	0
существование	0
амфитеатр	0
разговор	0
иностранец	0
ширпотреб	-2
иерархия	0
радость	2
тупизм	0
топ	0
тиканье	0
авария	-2
80-е	0
помин	0
жажда	0
батя	0
чудовище	-2
дитя	0
серьезность	0
предположение	0
время	0
лоб	0
симпатия	2
предубеждение	0
гражданин	0
фабрика	0
пейсатель	0
натура	0
нить	0
попа	0
рассудок	0
народ	0
проведение	0
кошмар	-2
субъективизм	0
кухня	0
мышца	0
мироздание	0
досуг	0
предчувствие	0
стих	0
убийца	-2
ящерица	0
эксплуатация	0
вокал	0
комментатор	0
динозавр	0
реализм	0
манер	0
приставка	0
ангел	2
ресница	0
ненатуральность	0
съемка	0
смертница	0
нарекание	0
болельщик	0
сглаживание	0
самоотречение	0
спекуляция	0
священник	0
оружие	0
брат-близнец	0
ступор	-2
инет	0
перебор	0
притяжка	0
проигрыватель	0
владелец	0
объект	0
hitmaker	0
прорыв	0
несуразность	-2
рефлексия	0
шаг	0
подруга	0
таракан	0
санитар	0
у-у	0
звонок	0
статуйка	0
потенция	0
семейка	0
обзор	0
хранилище	0
дорожка	0
кардинал	0
культовость	0
грех	-2
схожесть	0
кусок	0
трактор	0
зацикленность	0
орангутанг	0
содомия	0
сфера	0
деньжата	0
куст	0
мутота	0
шуточка	0
спаситель	0
тонкость	0
сочувствие	2
экранизация	0
продукт	0
мастерство	2
сторож	0
скотство	2
противоречивость	-2
слух	0
представительница	2
наполнение	0
работник	0
аэропорт	0
намек	0
полувзгляд	0
сердце	-2
преступник	0
хеппи	0
подстава	-2
пастух	0
теория	0
киноиндустрия	0
киноориентация	0
фигня	0
пейзажист	0
дешевка	-2
зарисовка	0
соревнование	0
полицейский	-2
встреча	0
одноклассник	0
дза	0
духовность	0
задор	2
ветер	0
терес	2
i	0
алчность	-2
тазик	0
чадо	0
выброс	0
скепсис	0
стекляшка	0
диско	0
звук	0
триумф	2
вызов	0
закладка	0
2016-го	0
телетрансляция	0
событие	2
угода	0
сажание	0
папаня	0
формат	0
лизоблюдство	-2
шанс	0
шелуха	0
богословие	0
источник	0
джип	0
2014-ть	0
делитель	0
антипатриотизм	-2
механизм	0
амбал	0
кета	0
подружка	0
з	0
неустойка	0
книжка	0
обладательница	0
жертвоприношение	0
вступление	0
хронометраж	0
мировоззрение	0
подарок	0
свечка	0
взрыв	-2
урок	0
увертюра	0
оригинальность	2
драка	0
очарование	2
исключение	-2
голограмма	0
геошторм	0
психоделичность	0
хэппи	0
кривляние	0
обилие	0
слияние	0
замок	0
обитатель	0
схема	0
рапид	0
фестиваль	0
е	0
небрежение	2
тень	0
дама	0
кинометафора	0
тема	0
состязание	0
кадр	-2
житель	0
инженер	0
подопечный	0
контакт	0
одежда	0
фанатка	0
безобразие	-2
идиот	-2
путаница	0
арт-экспириенс	0
кондачок	0
трибуна	0
направленность	0
рептилия	0
графа	0
забор	0
чушь	-2
аутизм	0
нирвана	0
самолетопад	0
беготня	0
ранение	0
становление	0
психопат	-2
возникновение	0
посещение	0
восстановление	0
пример	0
психологизм	0
мечтатель	0
бедолага	0
х	0
дилогия	0
героизм	2
новое	0
промысел	0
нервозность	0
халтура	-2
кинотрилогия	0
пакователь	0
памятник	0
бошка	0
шок-шедевр	0
привнесение	0
кудри	0
творец	0
мотиватор	0
самец-самка	0
зритель	2
гей-негр	0
дед	2
суперзлодей	0
ракета	-2
расширение	0
аффект	0
прочтение	0
объятие	0
перегиб	0
перспектива	0
увалень	-2
слепота	0
попрошайка	0
дрянь	-2
большинство	0
сеанс	0
скандальность	-2
изверг	-2
эпитет	0
оскар	0
воспитание	0
массовка	0
полотно	0
анонс	0
киноштамп	0
туман	0
главное	0
страховка	0
лапша	0
сено	0
блэкаут	0
зуб	0
дяда	0
оператор	2
вредоносность	-2
психопат-эстет	0
бал	0
гослинг	0
предназначение	0
подавление	0
реплика	0
щепотка	0
поднятие	0
филигранность	2
предрассудок	0
вид	-2
классик	0
заначка	0
ода	0
тренер-дуболом	0
реалистичность	2
твист	0
повод	0
находка	0
нелепость	-2
руководство	0
защитник	0
толерантность	-2
торжество	2
век	0
флаг	0
неуместность	-2
действительность	0
хищник	0
жвачка	0
нерв	0
взросление	0
псевдоэпос	0
ветерок	0
снедь	0
происхождение	0
фон-графон	-2
пиво	0
спектр	0
выгода	2
подача	0
кровосмешение	-2
камера	0
положение	0
com	0
похвала	2
узелок	0
ключ	0
революция	2
рена	0
вселенная	0
ирландка	0
подкорка	0
вино	2
киновоплощение	0
ляп-дурость	0
тарелка	0
электростанция	0
аудио	0
бревно	0
ущерб	-2
фильм	2
переглядывание	0
поверхность	0
часть	-2
апофеоз	0
постановка	2
самка	0
поданое	2
шайба	0
сравнение	0
ушедших-год	0
глумление	0
лепта	0
ящер-мутант	0
молоток	0
хвостик	0
взгляд	0
предпосылка	0
образчик	0
легкое	0
услуга	0
расист	-2
новаторство	0
кинокритика	0
грамм	0
общение	0
отрочество	0
робот	0
несовершенство	0
нотация	0
колонна	0
догадка	0
дебют	0
новичок	0
пас	0
справочник	0
форма	2
тишка	0
продолжение	0
готика	0
д	2
отрицание	0
приказ	0
волнение	2
кинематография	0
уничтожитель	0
выполнение	0
качок-наркодилер	0
палата	0
сталь	0
сосуд	0
виновница	-2
звучание	0
смысл	2
канва	0
дурнушка	0
поведение	0
ипостась	0
поза	0
терминатор	0
опыт	0
датчанин	0
самоцель	0
фильтр	0
слабохарактерность	-2
атолл	0
oscar	0
блаженство	0
помощник	0
манекен	0
ток	0
погребение	0
ооочень	0
надзиратель	0
сочетание	0
страница	0
идеология	2
жестокость	-2
успех	2
сентиментализм	0
знакомство	0
расстройство	0
репка	0
выбор	0
миопия	0
наслаждение	2
косяк	0
режиссер	2
ковбой	-2
т	2
википедия	0
машинка	0
восторг	2
свидание	0
гульфик	0
шедевральность	0
современность	0
виновный	-2
and	0
орта	0
древность	0
мотивация	0
ванная	0
пьяница	-2
болтовня	0
наскок	0
решение	0
кино	2
дрова	0
бонус	0
переживание	2
л	0
отличие	0
взрослый	0
болезнь	2
способ	0
брюхо	0
толика	0
штамповка	0
манера	0
the	0
завал	0
привязанность	0
манипулирование	0
don	0
сад	0
така	0
разность	0
друг	2
противник	0
шалость	0
эгоист	-2
мьюзикл	2
миля	0
вечность	0
пришелец	0
халат	0
мечтательница	0
волна	-2
фавна	0
монстр-канадец	0
недобор	0
фантасмагория	0
вазочка	0
хрен	0
влияние	0
взгорье	0
нокаут	0
бредятина	0
выхлоп	0
землетрясение	0
подсветка	0
дел	0
зенитка	2
колебание	0
конец	2
усилие	2
ящерица-переросток	0
удар	0
эмигрантка	0
размножение	0
пол	0
ответственность	2
противодействие	0
мультсериал	0
тишина	0
хаос	0
тизер	0
попкорн	0
мужчина	2
2-часовой	0
течение	0
неуклюжесть	0
заминка	0
парочка	0
song	0
итог	-2
дорога	0
бумажка	0
руины	0
пара	0
a	0
явление	0
урбанизм	0
послевкусие	-2
клевета	-2
трубка	0
безвыходность	2
мастер-класс	0
сеть	0
перезапуск	0
скитание	0
пристойность	2
надругательство	-2
кинофестиваль	0
полпути	0
раз	0
путешествие	0
биография	2
мотивировка	0
рот	0
артистизм	0
глюк	0
образ	2
мастер	0
толчок	0
мимика	0
девочки-белочка	0
обычность	0
электроника	0
жалость	2
угол	0
проводка	0
щенок	0
пиитет	0
небылица	0
развод	0
ответ	0
канат	0
точка	0
кум	2
овощ	0
америка	0
микро-предательство	0
нарушение	-2
ахинея	-2
физкультура	2
паника	0
передача	0
сюжет	0
перескок	0
истязание	0
братия	0
поблажка	0
знакомый	2
окружение	0
прочность	0
волк	0
троица	0
пошлятина	-2
статуэтка	0
фантастика	0
вакханалия	-2
шаблон	0
залежь	0
пот	0
болезненность	0
наука	-2
изгиб	0
десяток	0
правило	0
содержимое	0
счастие	2
смех	0
наступление	0
работа	2
спор	0
головоломка	0
орган	0
наследство	0
количество	0
фрика	0
папироса	0
дядя	0
стакан	0
элитарность	0
сила	2
милость	2
богомаз	0
мозг	0
милот	0
альтер	0
провод	0
контент	0
кроссовер	0
бог	0
очередность	0
экспрессия	0
земля	0
ценность	2
борт	0
многословность	0
население	0
жасмин	0
украшение	0
дна	0
иконописец	0
данные	0
предрасположенность	0
мания	0
вдова	0
киноповествование	0
нож-рыбка	0
типичность	0
цент	0
terrible	0
конъюнктурщина	0
лад	0
бессмертие	0
море	0
таль	-2
эхо	0
вертолет	0
детектив	0
провокация	-2
байк	0
свобода	2
сидение	0
лента	0
русский	0
субтитр	0
назначение	0
достижение	0
министерство	0
тираж	0
сбор	0
разгул	0
поле	0
кроха	0
скрипач	0
бредовость	0
вариация	0
рассматривание	0
обстановка	0
апокалипсис	0
победитель	2
финал	0
стержень	0
зависть	-2
секс	-2
конформизм	0
бездарность	-2
старуха	0
трос	0
генерал	0
съмки	0
начальство	0
бровь	0
диктатура	-2
самодур	-2
масса	0
поэзия	0
свидетель	0
неделя	0
тягомотина	-2
база	0
обоснование	0
распоряжение	0
сын	2
участник	0
людишки	0
типография	0
планка	0
правду-матка	0
яшин	0
мероприятие	0
плавание	0
состояние	-2
уход	2
остаток	0
уныние	-2
поиск	0
припадок	0
подросток-извращенец	0
ужимка	0
философия	2
возня	0
квазивизионер	0
увольнение	0
грехопадение	0
гамма	0
отточенность	0
час	0
мордоворот-костолом	0
спец	0
похоть	0
январь	0
палка	0
деяние	0
гагарин	0
утренник	0
истерия	0
отсидка	-2
лакомство	2
ад	-2
шах	0
америкашка	0
усталость	0
экстрасенс	0
ладонь	0
гром	0
пытка	-2
толпа	0
слушатель	0
смекалка	2
мгновение	0
сопереживание	2
соцветие	0
гипноз	0
премьера	0
иже	-2
артистка	0
человек	0
презрение	-2
инструмент	0
посредственность	-2
честность	2
ушанка	0
приговор	0
солнце	0
отступление	0
вратарь	0
индустрия	0
драмматизм	0
версия	0
начинание	0
дерево	0
спячка	0
бордель	0
отдельность	0
видеоповтор	0
фокус-пулера	0
кандидатура	0
подвиг	2
средство	0
хиляк	-2
лубок	0
самость	0
let	0
вопрос	-2
преодоление	0
мечтание	2
отражение	0
мальчуган	0
эмигрант	0
ординарность	0
мутация	0
дыра	-2
тополь	0
выстраивание	0
терьер	0
алексей	0
жюри	0
небо	0
предшественник	0
изюмина	0
сенсация	0
шардон	0
полутон	0
кастинг	0
живопись	-2
дыхание	0
песенка	0
пропаганда	0
ти	0
вохможность	0
фразочка	0
одобрение	2
князь	0
мираж	0
бизнес	0
доброта	2
беспомощность	-2
клюшка	0
ущербность	-2
садюга	0
комедийка	0
получас	0
толстячок	0
мюзыкла	0
штаны	0
грим	2
горсть	0
фильм-биография	0
куш	0
здоровяк	0
кино-поэма	0
мозги	0
жертвенность	0
основа	0
разработка	0
ностальгия	0
связка	0
губа	0
уродство	-2
у-а	0
идеализация	2
моток	0
многогранность	2
выражение	0
допрос	0
око	0
шоу	0
театр	0
юмор	2
кола	0
вставка	0
контекст	0
печаль	-2
госзаказ	0
терпеливость	0
голливуд	0
жилище	0
треть	0
улыбка	2
порыв	0
утрата	-2
слой	0
разница	0
залп	0
бутерброд	0
характер	2
патронаж	0
трико	0
день	2
лишение	0
наручник	0
see	0
расследование	0
вещь	0
освежение	0
объявление	0
юрисдикция	0
доктор	0
квота	0
либерал-шестидесятник	0
патетика	0
вымысел	0
бессоновская	0
мульт-сериал	0
клеточка	2
женоненавистник	-2
см	0
протяжение	0
сон	-2
вершина	0
ответка	0
библиотека	0
зло	0
улица	0
точность	-2
вульгаризм	-2
сторонка	0
псевдоинтеллектуал	0
внимательность	2
колокольня	0
афороамериканец	0
граница	0
эйфория	2
поделка	0
подкол	0
устав	0
финансы	0
action	0
рисунок	0
тварюга	0
травля	-2
агрессия	-2
отторжение	0
клич	0
цепочка	0
подробность	0
темнокожесть	2
список	0
отливка	0
мерка	0
франчайз	0
понятие	2
черта	0
рисовка	0
яйцо	0
нравоучение	0
thanks	0
прошествие	0
атмосферность	0
визуаль	0
мечтательность	2
лучик	0
репетиция	0
трусость	-2
инфаркт	0
толерастия	0
рванье	0
вау-момент	0
собачка	0
пленка	0
жанр	0
карьера	0
нагрузка	0
видеоряд	0
сверстник	0
норма	0
сельма	-2
слабость	0
сущность	0
снотворное	0
школа	0
реинкарнация	0
свойство	0
подмышка	0
сектант	0
преступление	0
what	0
отрыв	0
срок	0
знание	0
медведь	0
абзац	0
отставка	0
ускорение	0
кукла	0
действие	0
прототип	0
печальность	0
палочка	0
фига	0
родственник	2
гундяйство	0
познание	0
погодка	0
движение	0
кинопоиск	0
континуум	0
расстреливание	0
использование	0
высота	0
дке	0
водитель	0
композиция	-2
монитор	0
самопожертвование	-2
присмотр	0
антагонизм	0
мусульманин	0
обесточивание	0
атмосфера	0
носитель	0
спецпроект	0
фронт	0
профессионал	0
созвездие	0
катрин	0
единение	2
эгоистичность	-2
приезд	0
пояс	0
логика	0
крайность	0
певица	0
самоубийство	0
картинка	2
00-ха	0
ласка	2
девочка-женщина	0
хэппи-энд	0
rottentomatoes	0
is	0
район	0
мина	0
сторона	0
полноценность	0
ветка	0
расизм	0
бешенство	0
агрессивность	-2
сценка	0
многоликость	0
двойник	0
director	0
ум	0
правдоподобность	2
миньон	0
желание	-2
скамья	0
трилогия	-2
нутро	0
иллюзия	0
площадка	0
ремесло	2
спешка	0
подмастерье	0
аллюзия	0
самочка	0
штора	0
разнообразие	0
толя	0
участок	0
спорт	0
запой	0
киноконвульсия	0
почва	0
пиписка	0
указание	0
сострадание	2
интермедия	0
п	0
позор	-2
евроамериканец	0
открытие	0
дурман	0
жест	0
сент	0
очки	0
бокал	0
степень	0
ротик	0
изменение	0
литература	-2
подкованность	0
ребята	0
садист	-2
закат	0
оправдание	0
судья	0
знак	2
гент	0
соседка	0
завершение	0
was	0
окупаемость	0
коктейль	0
секс-направление	0
ладоши	0
максимализм	0
прошлое	2
писатель	0
загадочность	0
тирания	-2
аристократичность	0
заслуга	0
тупость	-2
индеец	0
действо	0
шоколадка	0
негодование	-2
витиеватость	0
сумма	0
безвкусица	0
стадион	0
школьник	0
трепет	0
тайна	0
исток	0
паук	0
эгоизм	-2
босс	0
кореец	0
послание	0
киношка	0
кусочек	0
мазохист	-2
ларс	2
напряжение	0
господин	2
извращенец	-2
разнарядка	0
лодка	0
настояшея	0
зенит	0
костюмчик	0
затруднение	0
обаяние	2
лапа	0
детище	0
пошлость	-2
бдительность	2
равновесие	0
габарит	0
полнота	0
t	0
операция	2
жопа	-2
эксперимент	0
монстр	0
реальность	2
старина	0
мрак	2
звероящер	0
звание	0
гора	0
пост	0
видение	0
наседка	0
наркоторговец	-2
усмешка	0
выпуск	0
научность	0
персонаж	-2
трагичность	-2
неформатность	0
колег	0
пространство	0
выход	0
апельсин	0
мультик	0
ересь	0
крем	0
келья	0
лет	0
претензия	0
прибыль	0
привет	0
фиг	0
дурь	-2
хореография	0
мнение	0
надобность	0
пиписька	0
содержание	2
сборная	0
архитектура	0
знаменитость	0
титан	0
аргументация	0
множество	0
тренер	-2
гримаса	0
градирня	0
отрезок	0
проявление	0
ряд	0
соблазн	0
ресторан	0
недопонимание	0
суета	0
колесо	0
близкие	0
истребитель	0
загнивание	-2
правдивость	2
негр	0
технология	0
натурализм	0
яма	0
испытание	0
хиппи	0
ключик	0
релиз	0
средневековье	0
симфония	0
криминал	-2
представление	0
верность	0
упор	0
квинтэссенция	0
кепка	0
хлам	0
родитель	2
выносливость	2
обрывок	0
пенсия	0
гимн	0
конкуренция	0
пересмотр	0
безысходность	-2
любопытство	0
начальник	0
веник	0
темперамент	0
церемониал	0
цитата	0
отвращение	-2
спина	0
шашлычок	0
муть	0
динамика	0
висок	0
безнаказанность	-2
обочина	0
усвоение	0
стереотип	0
перебивка	0
вкус	-2
износ	0
семья	2
озарение	0
неприятие	-2
ворота	0
окулист	0
родные	2
зал	0
more	0
schelme	0
интернет	0
индивидуум	0
клуб	0
титул	0
лень	2
создание	0
радиация	0
флэшбек	0
чистота	2
костюм	2
дядька	0
вентиляция	0
быт	0
греза	0
ритм	0
чужак	2
рыдание	0
киноразочарование	0
секрет	-2
подобие	0
пипл	0
группа	0
танец	-2
карандаш	0
ублюдок	-2
кулак	0
боеголовка	0
ощущение	0
возможность	2
соперник	0
last	0
хоум-видео	0
картина	2
история	2
нарушитель	-2
билет	0
темп	-2
реалия	0
молния	0
среда	0
одиночество	0
бык	0
впечетление	-2
шаблонность	0
штука	0
взаимодействие	0
скала	0
пульс	0
идеал	2
сэр	0
репродукция	0
овация	0
мотель	0
кинозал	0
заставка	0
динозавр-теропод	0
отходы	0
отпрыск	0
обличение	0
рожа	0
политик	0
доллар	0
голубятня	0
упоминание	0
отрыжка	0
глубина	2
ведущий	0
пустота	2
двор	0
водка	0
доля	0
десятка	2
примочка	0
молодая	0
перенаселенность	0
величина	0
ощупь	0
лидер	2
дерьмо	0
подушка	0
твердость	0
гатороид	0
агитка	0
йо-йо	0
американец	0
причина	0
усмотрение	0
амбиция	0
простота	0
тело	-2
выздоровление	0
гнев	0
клубок	0
порок	-2
чипсы	0
подозреваемый	0
зрачок	0
осел	0
куратор	0
сложность	0
обреченность	2
сова	0
изобилие	0
ожидание	0
вакуум	0
кастрюля	0
модернизм	0
сися	0
мантра	0
психушка	0
аутентичность	0
критика	0
оппонент	0
кинематеграф	0
готовность	0
концовка	-2
разрыв	0
драгдилер	0
идиотизм	-2
команда	0
банкрот	-2
слезовыжималка	0
чернуха	0
байопика	0
нищий	0
тренировка	0
корень	0
младенец	0
ветвь	0
поцелуй	0
приготовление	0
сторонница	0
скот	0
любимый	2
золото	0
игрок	-2
благополучие	2
место	-2
настроение	0
злость	-2
брак	0
гнус	-2
увеличение	0
невозможность	0
вояка	0
ящер	0
тип	0
символ	2
перемена	0
гениальность	2
человечество	0
вклад	0
to	0
жужжание	0
петух	0
букашка	0
боевик	0
девушка	-2
карта	0
мучитель	-2
свод	0
единоборство	0
тематика	2
сладость	0
лошадь	0
документарь-стайла	2
публика	0
ствол	0
прием	0
любитель	2
путь	0
техника	0
единорог	0
вранье	-2
откровенность	-2
башня	0
третирование	0
гибель	0
настрой	0
жилье	0
инопланетянин	0
продвижение	0
гравюра	0
малец	0
водевиль	0
бомба	-2
полуулыбка	0
all	0
милашка	2
семьянин	2
сращение	0
номинация	0
середина	0
рабовладение	0
ящик	0
м	0
удивление	0
наличие	0
альтруизм	0
и	0
плагиат	-2
случай	0
уважение	2
юбка	0
раздеваниенизм	0
замах	0
дословность	0
локоть	0
копия	0
выступление	0
экономия	0
фанат	0
чудище	-2
живость	0
общество	0
вставочка	0
равенство	0
олимпиада	0
чернокожий	-2
тревога	-2
миссия	0
решительность	0
возраст	0
откровение	0
спецэффект	0
дикость	0
оборудование	0
упорство	0
противоречие	-2
центр	0
принуждение	-2
размер	0
умозаключение	0
мотыга	0
фонарь	0
помеха	2
произведение	2
рацион	0
основное	0
шаман	0
жук	0
трагикомедия	0
молоко	0
знакомец	0
цирк-шапито	0
холод	2
30-е	0
травма	0
титр	0
верчение	0
промах	-2
нехватка	0
родительница	0
представитель	0
умиротворение	0
парад	0
несправедиливость	0
кучка	0
ерунда	0
питон	0
пяток	0
целостность	2
притеснение	-2
гнездо	0
секция	0
сатира	0
устранение	0
надеждище	0
воображение	0
тактик	0
признак	0
диван	0
гомик	0
камень	0
метафора	0
мама-наркоманка	0
напоминание	0
бритва	0
уважуха	0
придавленность	0
труба	0
метрополитен	0
ф	0
шик	2
терзание	0
эпатаж	-2
охотница	0
мост	0
акуло-осьминог	0
помощь	0
размышление	2
лавина	0
пробежка	0
австралиец	0
желтокожий	0
энергия	0
доступ	2
смерть	0
профессор	0
направление	0
наряд	0
неизбежность	0
абстракция	0
воздух	0
самопозиционирование	0
глава	0
дальновидность	2
поезд	0
провал	0
калорита	0
szelma	0
банда	0
двигатель	0
подчинение	0
надежда	2
человечишко	0
мироощущение	0
организация	0
абсурдистсвие	0
масть	0
горло	0
прикраса	0
репрессия	0
юноша	0
половина-год	0
маэстро	0
прорисовка	0
шпала	0
проблема	-2
девочка-глюк	0
предвкушение	0
получение	0
дымка	0
студент	0
запах	-2
нуар	0
бег	0
кайдзю	0
толк	0
завывание	0
исповедь	0
заморочка	0
неандерталец	0
пасквиль	-2
огонь	0
завод	0
завеса	0
выверка	0
цыганка	0
образец	0
гигант	0
надпись	0
трещина	0
песня-саундтрек	0
мультфильм	2
70-ха	0
экономика	0
одиночка	0
плевок	-2
нетолерантность	-2
соприкосновение	0
самооценка	0
попочка	0
молодежь	0
самодеятельность	0
стедикам	0
чудик	0
связь	0
ориентир	2
драма	0
сопровождение	2
обещание	0
искупление	0
несглаженность	0
бессмыслица	0
чечетка	0
приязнь	2
появление	0
серия	2
саунд-трек	0
разнобой	0
нора	0
синоним	0
мельтешение	0
платье	0
последователь	0
режессура	0
актуальность	0
категория	0
малыш	0
потрахушка	-2
губка	-2
менеджмент	0
гадость	-2
горизонт	0
товарищ	0
факт	2
результат	0
макияж	0
узи	0
слепок	0
нос	0
подноготная	0
должное	0
позиция	0
удовольствие	2
долг	0
тенденция	0
исход	0
автобус	0
богатство	0
осанна	0
утопия	0
популизм	-2
мешок	0
дух	0
зависимость	0
причастность	2
выводок	0
преддверие	0
кинокритик	2
политика	0
валид	0
кора	0
трамвай	0
отдушина	0
ляп	-2
языцах	0
затянутость	0
стандарт	0
жадность	-2
небоскреб	0
пьянство	-2
выходка	0
идиотия	0
развлечение	0
молодец	2
пушка	0
джеф	0
лед	0
замысел	2
блеск	0
парень	0
канал	0
одночасье	0
насильник	-2
активность	0
пауза	0
лицемерие	-2
миф	0
кинонаграда	0
of	0
умерший	0
противостояние	0
колокол	0
поклонник	0
кризис	2
эмбиент	0
физиология	0
охапка	0
сотня	0
мать-одиночка	2
личность	2
субъект	0
слезинка	0
просьба	0
проделка	0
отклонение	0
идея	2
новизна	0
комната	0
горечь	0
мигалка	0
миньен	0
страсть	-2
здание	0
грабеж	-2
скрежет	0
чудачка	0
правда	2
мон	0
стук	0
втор	-2
статист	0
эталон	2
трюк	0
значение	0
негатив	0
натянутость	-2
десятилетие	0
прогул	0
друг-дружка	0
розыгрыш	0
угроза	0
рецензия-отзыв	0
кара	-2
исполнительница	0
90-ха	0
фактор	0
свинья	0
мама	0
загадка	0
слоупокист	0
де-юро	0
хоккей	0
объектив	0
тьма	0
рояль	0
рецензия	0
окружающее	0
шляпа-цилиндр	0
заказ	0
отрава	-2
гиперболизация	0
богоявление	0
совесть	2
старушка	0
пресс	0
государство	0
лодыжка	0
тайм	0
ошибка	0
оскароносец-фильм	0
гол	0
родник	0
ном	2
местоимение	0
кимченирия	0
г	0
вливание	0
вагон	-2
прицел	0
конь	0
пафосность	0
сапер	0
героиня	2
зародыш	0
кинолента	0
цунами	0
старец	0
данила	0
слабак	-2
издание	0
бейсбол	0
управление	0
разгильдяйство	-2
пятно	0
порно-картина	0
скандал	-2
рыбалка	0
импровизация	0
наркоманка	-2
псевдоканадец	0
заблуждение	-2
второе	0
эклер	0
железка	0
фундамент	0
скип	0
пропоганд	0
клад	0
графика	0
самолюбование	-2
лезвие	0
гениталии	0
недоумение	-2
боязнь	0
чемпион	0
пук	0
диалог	2
фанфара	0
требование	0
транс	0
очередь	0
нрав	0
дом	0
встряска	0
шорты	0
20-ти	0
пресса	0
блин	0
мошенник	-2
трындеж	0
косяк-крест	0
пострадавший	2
отображение	0
поклонница	0
ve	0
разминка	0
проституция	-2
бунт	0
ничтожность	-2
традиция	0
грань	0
say	0
проходка	0
глаз	0
облик	0
бицепс	0
студия	0
унижение	-2
реклама	0
гипотеза	0
текст	0
креслице	0
целое	0
черт	0
натуральность	2
пункт	0
ленца	2
отсылка	0
ракурс	0
прощение	0
мурашки	0
вудуизм	0
домик	0
поток	0
город	0
двенадцатилетка	0
тюрьма	-2
бессилие	-2
плебс	0
задумка	0
построение	0
выпас	0
монотонность	0
иммигрантка	0
мораль	0
палатка	0
жертва	2
соответствие	0
фикс	0
право	0
мнгновение	0
достоверность	0
стремление	0
спасение	0
производство	0
мурлыканье	0
речь	0
айнер	0
антиген	0
полиция	0
ассортимент	0
мальчик	-2
замедленность	0
кинотворец	0
бедствие	-2
штурвал	0
женщина-надзиратель	0
пофиг	0
интрига	0
женщина	2
прах	0
особенность	0
слово	2
шквал	0
приятель	2
рывок	0
потомство	0
монтаж	2
натуралистичность	0
тройка	0
тяжба	0
сновидение	0
занудство	-2
контракт	0
завязка	0
борец	0
первоисточник	0
исландка	0
англоговорящий	0
репортажник	0
соблюдение	2
высказывание	-2
ранг	0
поедатель	0
западня	0
адмирал	0
красота	2
сноровка	0
приключение	0
кресло	0
обозначение	0
прель	0
игра	0
рамка	0
могила	0
виновник	-2
преданность	-2
обыватель	0
мутант	0
обретение	0
платочек	0
сожаление	0
шутейк	0
полчаса	0
самовыражение	0
актриса	0
баловство	0
осмысленность	0
экс-злодей	0
понимание	2
овца	0
довод	0
копа	0
отморозок	-2
ализ	0
фейл	-2
терпение	2
человечность	2
подход	0
удовлетворение	2
партнер	0
гомоцирк	0
статуя	0
девушка-эмигрантка	0
парик	0
конкретность	-2
штамп	-2
совместительство	0
иллюстрация	0
прутик	0
акцент	0
парирование	0
лазание	0
осмысление	0
фамилия	2
десант	0
наркоторговец-добродетель	0
пес	0
бегство	0
эстетика	0
физика	0
поколение	0
s	0
нерест	0
состоятельность	0
алекс	0
молитва	0
строка	0
ток-шоу	0
мелодия	0
гроб	0
ориентация	2
лагерь	0
мытье	0
организатор	0
закос	0
быстротечность	0
полбалл	0
своеобразность	0
набор	0
сестренка	0
потенциал	0
папа	0
космос	0
махина	0
8-ая	0
вес	0
клятва	0
физподготовка	0
мальчишка	0
юнец	0
покорность	0
полночь	0
телек	0
груда	0
площадь	0
вариант	0
хрупкость	0
пасть	0
дебил	-2
юность	0
оттенок	0
го	0
кампания	0
овечка	0
рык	0
речка	0
восстание	0
покаяние	0
аллея	0
родственник-неудачник	0
капелька	0
художник-постановщик	0
женщина-иммигрантка	0
трата	0
вздох	2
ручей	0
озвучивание	0
80-летие	0
ход	0
айфон	0
бунтарь	0
грязь	0
психоделика	0
саундтрек	0
слащавость	-2
гэбня	0
плоскость	0
ресурс	0
образность	0
пьеса	0
организм	0
падение	0
псевдо-певец	0
шишка	0
роботша	0
сомнение	2
проникновение	0
агитфильм	0
обнимашка	0
антураж	0
этап	0
травка	0
отречение	0
сценарист	2
взаимоотношения	0
склонность	0
замена	0
расстрел	-2
супергерой	0
предверие	0
аккорд	0
взаимоотношение	-2
поэт	0
ассоциация	0
программа	0
харизма	2
чувство	0
порошок	0
предпросмотр	0
киноэкран	0
ни-ч	0
тетка	0
половинка	0
месть	0
мотив	0
тактика	0
одурь	-2
детство	0
ll	0
особь	0
латекс	0
шествие	0
освещение	0
оригинал	0
цепь	0
формация	0
добро	2
стать	0
вульгарность	-2
бренд	0
суд	0
туча	0
праздник	2
рельс	0
процент	0
формула	0
эпоха	0
пух	0
погода	0
слеза	0
взаимопонимание	2
ученый	0
трагизм	-2
апогей	2
простор	2
старание	0
имущество	0
франшиза	0
свет	2
линия	0
ультро-насилие	0
