астрология	0
религиозность	0
справедливость	2
развитие	0
выработка	0
императрица	0
старик	0
транслитерация	0
окружающие	0
митрополит	2
ритуал	0
продолжение	0
вина	0
презумпция	0
аля-хусейня	0
домоправитель	0
глагол	0
оценка	0
гробница	0
рука	0
отрицание	0
девочка	0
роман	0
волнение	0
конфликт	-2
выполнение	0
аукцион	0
приток	0
варение	0
забота	2
базилика	0
палата	2
слава	0
гуляние	0
изображение	0
еритиков	0
бородач	0
служение	0
выявление	2
сражение	0
память	0
поощрение	2
раскаяние	2
число	0
смысл	0
заявка	0
съезд	2
правосудие	0
пропитание	0
благодарность	2
убежище	0
ступень	0
член	0
язычник-фанатик	0
фраза	0
стяжание	0
ношение	0
власть	2
геноцид	0
исследователь	0
частность	0
питание	0
завершение	0
опыт	0
заместитель	2
июнь	0
мясо	0
классика	0
стрельба	0
шерстопрядильщица	0
солдат	0
аборт	0
инвестор	0
муфтий	2
зубочистка	0
совершение	0
страница	0
презентация	0
привлечение	0
притяжение	0
достижение	0
воскресение	0
венчание	0
знакомство	0
всплеск	0
отток	0
выбор	0
респондент	0
чтение	0
повечерие	0
помышление	0
плач	0
полоса	0
важность	0
христианин	-2
ноябрь	0
руководитель	2
поступок	0
молоко	0
соблазн	0
иерей	2
палестинец	0
концепция	0
осквернение	-2
сангха	0
свидание	0
ворота	0
месяц	0
отклик	0
телеканал	0
терапевт	0
митинг	0
командировка	0
поляк	0
присутствие	0
древность	0
8-й	0
собор	2
существо	0
цена	0
решение	-2
коллектив	0
агентство	0
голос	0
веста	0
силовик	0
отличие	0
миссия	0
изменение	0
судьба	0
болезнь	-2
впечатление	0
мода	0
круг	0
манера	0
ряженый	0
покрывало	0
статья	0
местечко	0
сад	2
пререкание	0
прима	0
друг	2
противник	0
реакция	0
слабость	0
загранпаспорт	0
территория	0
голова	0
бюджет	0
описание	0
градус	0
спикер	2
традиция	2
волна	0
призыв	0
архиепископ	0
колено	0
техникум	0
представительство	0
мишлоах	0
влияние	0
понедельник	0
король	0
житие	0
прохождение	0
ранение	0
медучреждение	0
остановка	0
пересмотр	0
защита	0
дел	0
весть	0
соединение	0
конец	0
усилие	0
удар	0
написание	2
окрестность	0
признание	0
посетитель	0
свитер	0
двоевластие	0
противодействие	0
отец	2
предстоятель	2
шкаф	0
фигура	0
старость	0
мужчина	0
проповедник	0
подаяние	2
обновление	0
течение	0
докторантура	0
лжеучитель	0
ректор	2
рассказ	0
протоапесвитер	0
звание	0
вольный	0
центр	2
итог	0
дорога	0
подаватель	0
руины	0
пара	0
явление	0
ночь	2
казачество	0
крестоношение	0
патриарх	2
сосуд	0
врата	0
храм	2
погром	-2
сеть	0
предупреждение	0
система	0
предатель	-2
властитель	0
оглушение	0
республика	0
еретик	0
предосторожность	0
раз	0
путешествие	0
совесть	2
рот	0
формирование	2
канонизация	0
образ	2
мастер	0
спецслужба	0
стенка	0
лицо	0
дама	0
открытка	0
упрек	-2
коммюнике	0
семинария	0
провинция	0
сретение	0
мольба	0
помещение	2
горожанин	0
еврей	-2
1980-ха	0
фотография	0
условие	0
выдача	0
1990-ха	0
празднество	0
погребение	0
исполнение	0
донос	0
архиерей	0
коробка	0
душа	0
декабрь	0
убийство	-2
чистота	2
град	0
набег	0
канва	0
структура	0
долина	0
задолженность	0
счет	0
предание	0
нарушение	-2
сигнал	0
пазуха	0
сыр	0
патриархия	0
сюжет	0
четыредесятница	0
ужесточение	0
крыло	0
братия	0
крат	0
костюм	0
воин	0
архитектор	0
интеллигенция	0
фальшивка	-2
врач	2
окружение	0
прочность	0
восток	0
собака	0
юрист	0
окончание	0
педиатр	0
5-й	0
собеседник	0
покровительница	0
вход	0
империя	0
редакция	0
веселие	2
легация	0
привычка	0
наконечник	0
правление	0
экстремизм	-2
византиец	0
анахронизм	0
поход	0
лотос	0
рота	0
наука	2
акт	0
десяток	0
правило	2
координатор	0
счастие	2
трапеза	0
уборка	0
упокоение	0
работа	0
идол	0
строение	0
спор	2
анафемствование	0
орган	0
дискриминация	-2
спаситель	0
количество	0
наполнение	0
выдвижение	0
иудаизм	2
плоть	0
истина	0
прихожанин	0
переезд	0
сила	2
созыв	0
турок	0
декорация	0
катастрофа	-2
солдат-охранник	0
музыкант	0
исследование	0
ракетоносец	0
зверь	0
караул	0
кустода	0
почитатель	0
ненависть	-2
кротость	2
бог	-2
конфета	0
тон	0
причинение	0
земля	0
грэм	0
борт	0
население	2
близость	0
освящение	0
цедент	0
святой	0
украшение	0
дна	0
препарат	0
иконописец	0
данные	0
калмыков	0
поджигатель	-2
преемственность	0
ромашка	0
невежество	-2
оформление	0
исповедание	0
постановление	0
безмолвие	0
отношение	0
полицейский	0
нетерпимость	-2
допустимость	0
зрелость	0
море	0
секретарь	2
осмотр	0
прекращение	0
провокация	-2
инцидент	0
художник	0
альтинг	0
протестант	0
устройство	0
сидение	0
чепчик	0
русский	0
доход	0
враг	-2
песнопение	0
задержание	0
хозяин	0
ухо	0
министерство	0
наслаждение	2
блудница	-2
горло	0
кисть	0
открытка-валентинка	0
имя	0
сбор	0
духовность	0
поле	0
борьба	0
пешеход	0
отечество	0
пирожок	0
грешник	0
мера	0
домочадец	0
победитель	2
утешение	0
философ	0
резиденция	0
селение	0
опасность	-2
осень	0
справка	0
секта	0
экзамен	0
старуха	0
маскарад	0
франциск	0
разжигание	0
проповедь	0
иеромонах	2
наступление	0
тонна	0
самоочищение	0
стоимость	0
евангелист	0
гендиректор	2
историк	2
свидетель	0
уразумение	0
вдова	0
ученик	0
база	0
антиквариат	0
распоряжение	0
склон	0
укрепление	2
сын	0
участник	0
отряд	0
пламень	0
крона	0
обладатель	0
божество-защитник	0
пробел	0
мероприятие	0
масленица	2
сосуществование	0
ва-ш	0
чудо	2
зона	0
состояние	0
уход	0
остаток	0
уныние	0
поиск	0
пророчица	0
аудитория	0
рукоположение	0
строительство	0
шекель	0
мат	0
мощь	2
повечение	0
авторство	0
новолуние	0
вывод	0
кибербезопасность	0
статус	2
ближний	0
килограмм	0
грехопадение	0
момент	0
заболевание	0
период	0
час	0
поджог	0
синтоизм	2
страхование	0
балл	0
квартал	0
январь	0
око	0
деяние	0
предложение	0
валентинка	0
учреждение	0
городок	2
семитизм	0
забава	0
наручник	0
имущество	0
копия	0
доставка	0
жалоба	0
архипастырь	0
забастовка	0
цвет	0
вызов	0
сюртук	0
вдовство	0
иисус	0
пытка	-2
толпа	0
правительство	0
пища	0
беда	-2
милость	2
шедевр	2
вручение	0
упрочение	2
преступление	0
рубеж	0
дисциплина	0
человек	0
презрение	-2
инструмент	2
богиня	0
дхармапал	0
исполком	0
богослужение	0
приговор	0
юноша-христианин	0
операция	0
фигуристка	0
автомобиль	0
отпуск	0
разбойник	0
заведение	0
хор	0
актер	0
достоверность	0
15-ть	0
ида	0
клир	0
стиль	0
воздержание	0
подвиг	2
средство	2
костер	0
манипуляция	0
галерея	0
христиан	0
вечер	0
трагедия	0
почитание	2
скорбь	-2
запад	0
комитет	0
налог	0
вопрос	0
видимость	0
лавочка	0
отражение	0
план	0
распространение	0
оборот	0
нужда	0
диабет	0
просветление	0
святитель	0
поселок	0
могущество	0
торжество	2
возвращение	0
режиссер	0
терроризм	-2
пользователь	2
конкуренция	0
жюри	0
небо	0
комплекс	0
фон	0
отрывок	0
долг	2
церемония	0
курия	0
муниципалитет	0
приоритет	-2
заступница	0
анафематствование	0
музей-памятник	2
резня	-2
кража	-2
пропаганда	0
жизнеописание	0
брюки	0
князь	0
начинка	0
канун	0
воссоздание	0
бизнес	0
доброта	2
гнев	0
семейство	0
шанс	0
гонение	0
богадельня	2
обломок	0
расцвет	0
изречение	0
корабельщик	0
налогообложение	0
корабль	0
иерусалим	0
выпекание	0
реставратор	0
слуга	0
дар	0
казна	0
труд	0
раввин	0
собрание	0
подоплека	0
основа	2
прозвище	2
пророчество	0
концлагерь	-2
политик	2
раскол	-2
дочь	0
запрос	0
остров	0
дуа	0
внимание	0
имидж	0
ткань	0
святая	0
выражение	0
среда	0
максимум	0
заседание	0
община	0
злодей	-2
приимета	0
обувь	0
вставка	0
примирение	0
проводник	0
контекст	0
японка	0
траур	-2
лик	0
сгущенка	0
вост	0
реликварий	0
патриархат	0
компромисс	0
шляпа	0
сборище	0
климат	0
татарин	0
виновный	-2
паломница-москвичка	0
сопровождение	0
пожертвование	0
улыбка	0
святость	0
машина	0
прогресс	0
верховье	0
повторение	0
посягательство	0
покровительство	0
сириец	0
характер	0
преддверие	0
основание	0
казарма	0
день	2
любовь	2
придворный	0
лишение	0
реформа	0
усечение	0
первое	0
девство	0
рассмотрение	0
расположение	0
парламент	0
швед	0
расследование	0
полемика	0
вещь	0
директор	2
смена	0
клирик	2
чернила	0
наводнение	0
государство	0
зрение	0
метод	0
армянин	0
богослов	0
непричастность	0
разъяснение	0
череп	0
стрела	0
детоубийство	-2
дорожка	0
обращение	0
май	0
лавка	0
хан	0
протяжение	0
атрибут	0
стих	0
библиотека	0
санкция	0
воспитанница	0
возведение	0
зло	2
улица	0
хлеб	0
точность	0
стена	0
принцип	0
фундамент	0
британец	0
осуществление	0
окно	0
стихотворение	0
гостиница	2
сугроб	0
соответствие	0
колокольня	0
офицер-христиана	0
гордость	0
граница	0
римский	0
исцеление	2
доброволец	0
симеон	0
сор	0
усердие	2
канадка	0
телеграмма	0
сердечко	0
удовлетворение	2
голубь	0
дань	0
избиение	0
закон	0
взятие	0
индуизм	2
поездка	0
фонд	0
папа	2
подробность	0
соглашение	0
фото	0
погрешность	-2
список	0
покаяние	2
подрыв	0
черта	0
ужас	-2
приход	2
минимум	0
задача	0
пустыня	0
спуд	0
власяница	0
социология	0
сознание	0
здравоохранение	0
радикализм	-2
розыск	0
esto	0
масштаб	0
доказательство	0
жительница	0
полис	0
пригоршня	0
богатство	0
взаимопонимание	2
верующий	0
очищение	0
прикосновение	0
благоухание	0
сообщение	0
ересь	-2
пепел	0
музыка	0
катание	0
деньги	0
министр	2
странница	0
социолог	0
мука	0
язык	0
известие	0
надзор	0
пациент	0
вандализм	-2
бизнесмен	0
обвинение	0
баптист	0
фигурка	0
нацист	0
псевдоислам	0
школа	2
месса	0
спортлагерь	0
датировка	0
избранник	0
победоносец	0
календарь	0
тысяча	0
срок	0
расставание	0
фанатизм	-2
казак	0
кукла	0
действие	0
иже	0
игумен	2
столетие	0
чучело	0
серия	0
наследник	0
канон	0
уроженец	0
литургия	0
познание	0
движение	2
обряд	0
март	0
большевик	0
победа	2
использование	0
сотериология	0
рекомендация	0
высота	0
монголо-татарин	0
композиция	0
метанойя	0
кровсмешение	-2
мусульманин	-2
полк	0
религия	2
буддизм	2
сенат	0
носитель	0
побережье	0
фронт	0
ред	2
единение	2
сосед	0
еврейство	0
площадка	0
институт	0
жених	0
логика	0
воевода	0
сметана	0
больной	0
прегрешение	-2
муж	0
супружество	0
конкурс	0
популярность	0
миров	2
конвой	0
армия	0
выдворение	0
взлет	0
пресс-конференция	0
песнь	0
рапорт	0
мать	0
выходной	0
пад	0
удача	2
февраль	0
район	0
объединение	0
сторона	0
доказанность	0
медаль	0
продажа	0
вербовка	2
ребенок	0
партия	0
начало	0
древо	0
еда	0
преподавание	0
ум	0
отделение	0
дискуссия	0
вуз	0
резонанс	0
скамья	0
последователь	0
избавление	2
отказ	0
сигарета	0
смирение	0
реализация	0
знамение	0
христиана-араб	0
интервью	0
мемориал	0
фольклор	0
монография	0
гипотеза	0
проступок	-2
пречистей	0
отшельник	-2
спортсмен	0
упражнение	0
кан	2
замена	0
соправитель	0
убеждение	0
дерево	0
оглядка	0
этикет	0
бурят	0
указание	0
самоограничение	0
ставка	0
утро	0
собственность	0
указ	0
усопший	-2
востоковед	0
казнь	-2
поверенный	0
толерантность	0
сигнализация	0
литература	0
ребята	0
сайт	2
паринирвана	0
промедление	0
сохранение	0
наместник	0
автомат	0
облачение	0
судья	0
знак	0
осуждение	-2
плодородие	2
уединение	0
отдел	0
пришествие	0
выживание	0
договор	0
предшественник	0
пастбище	0
духовник	0
давление	0
сияние	0
кульминация	0
прошлое	0
попытка	0
пур	0
занятие	0
аналогия	2
могила	0
луч	0
авиакатастрофа	0
проект	0
святыня	0
шейх	2
медикамент	0
сестра	0
обязанность	0
цель	0
сумма	0
топанье	0
стадион	0
единство	2
тайна	0
прием	0
реликвия	0
мастерская	0
север	0
послание	2
кусочек	0
мановение	0
музей	2
стан	0
деятельность	0
соблюдение	0
администрация	0
таинство	0
реформатор	0
советник-помощник	0
паломница	0
пребывание	0
сатана	0
карма	0
служба	0
суть	0
лицемер	-2
тысячелетие	0
житель	0
увлечение	2
усиление	0
выставка	0
земляк-журналист	0
кустос	0
разрешение	0
убранство	0
кабмин	0
стойкость	0
цикл	0
унисон	0
бдение	0
авиалиния	0
желание	0
жанр	0
проживание	0
пастух-кочевник	0
лама	2
корреспондент	0
гора	0
пост	2
консерватория	0
открытие	0
соцработник	0
обмен	0
намерение	0
христианство	0
апелляция	0
католикос	0
губернатор	0
ria	0
собеседование	0
правитель	0
россиянин	0
риск	0
пространство	0
вечерня	0
почесть	2
иудея	-2
мия	0
гражданственность	0
подражание	0
сокрушение	2
переход	0
наложение	0
духовенство	0
чистка	0
премьер	0
река	0
иконоборчество	2
эфир	0
пир	0
функция	0
одежда	0
покровитель	0
медик	0
снимок	0
династия	0
пророк	0
соработник	0
убийца	-2
вице-премьер	2
ремонт	0
проведение	0
ракета	0
мученица	0
грек	0
мнение	0
божество	0
адресат	0
шаг	0
ru	0
въезд	0
подчиненный	0
ложь	-2
бой	0
канал	0
вольная	0
слух	0
школа-приют	0
множество	0
поминовение	0
правонарушение	0
пурпур	0
улучшение	2
мужество	2
мечеть	0
проявление	0
ряд	0
приемлемость	0
наставление	0
ресторан	2
богоподобие	0
выборы	0
близкие	2
посол	2
истребление	0
иконография	0
воля	0
воскрешение	0
год	0
н	0
сокровище	2
император	0
советник	0
запуск	0
груз	0
пол	0
режим	0
мафория	0
средневековье	0
больница	2
княгиня	0
представление	0
верность	2
умма	0
ответственность	0
отчет	0
пользование	0
принадлежность	0
километр	0
всепрощение	0
ефимон	0
шорт-лист	0
нуждающийся	0
палатка	0
веротерпимость	0
обида	-2
управление	0
начальник	0
участок	0
портрет	0
епископ	2
искусствовед-реставратор	0
прогрессист	0
великомученик	0
плюс	0
утреня	0
кладбище	0
маршал	0
приказ	0
колония	0
перерезание	0
горсть	0
вкус	0
ключников	0
столкновение	0
первоиерарх	2
награда	2
ключник	0
1-й	0
священнослужитель	0
национальность	2
компания	0
неприятие	-2
символизирущее	0
обстоятельство	2
паства	0
родные	2
обоснование	0
зал	0
переживание	0
архимандрит	0
догмат	0
така	0
уверенность	0
тяжелобольной	0
лес	0
осознание	0
интернет	0
привилегия	0
архангел	0
минута	0
академия	0
небосвод	0
председатель	2
киноцикл	0
израильтянин	0
создание	2
колесница	0
присутствующий	0
братство	0
прародитель	0
шериф	0
боль	-2
ответ	0
посылка	0
комментарий	0
употребление	0
док	0
заступничество	0
акростих	0
работница	0
вода	0
предтеча	0
царевич	0
чрево	0
создатель	0
предместье	0
война	0
быт	0
гектар	0
трудоустройство	0
самолет	0
секрет	0
совершенствование	2
группа	0
конфронтация	-2
ощущение	0
возможность	0
огорчение	-2
неделя	2
палка	0
весна	0
стоянка	0
молния	0
координация	0
обработка	0
ад	-2
врач-хирург	0
заключение	0
эксперт	2
заповедь	0
меч	0
взаимодействие	0
скала	0
герцог	0
застройка	0
урна	0
диавол	0
идеал	2
офит	0
плен	-2
сытость	0
исламист	0
толкование	0
вера	2
младенец	0
беатификация	0
реабилитация	0
законодательство	0
доска	0
перевод	2
миш	0
кета	0
раздача	0
доллар	0
апокриф	0
форма	0
полдень	0
упоминание	0
протоиерей-ставрофор	0
землячество	0
настоятель	2
нога	0
законность	0
рыба	0
родственник	2
двор	0
возбуждение	0
мировоззрение	0
обидил	0
зима	0
подразделение	0
группировка	0
развлечение	0
поддержка	2
лидер	2
вдохновитель	0
декорирование	0
пресс-секретарь	2
катар	0
изгнание	0
специалист	0
ноябрь-декабрь	0
изоляция	0
праведник	0
сделка	0
стерильность	0
мирянин	0
пакет	0
инфраструктура	0
ситуация	0
миссионер	0
аккредитация	0
пята	0
общежитие	0
погода	0
тело	0
выздоровление	0
монастырь	2
соцсеть	0
экуменизм	0
пропуск	0
волонтер	0
порок	-2
парк	0
тепло	2
метр	0
икона	2
паломничество	0
навык	0
празднование	0
место	0
дата	0
законопроект	0
избиратель	0
экспертиза	0
шторм	0
потребность	0
пособничество	0
ожидание	0
рана	0
канцелярия	0
лекция	0
чета	0
аритмия	0
диаспора	0
специальность	0
битва	0
неврология	0
ангар	0
пауза	0
наплыв	0
мысль	2
пожелание	-2
турист	0
кандидат	0
подготовка	2
интервал	0
насельник	2
государь	0
протодиакон	0
выстрел	0
курултай	0
плащаница	0
президент	2
танцор	0
корень	0
соболезнование	2
ветвь	0
крестоносец	0
землетрясение	0
украинец	0
демократ	0
скот	0
телеведущий	0
язва	0
золото	0
сахар	0
сирота	0
верх	0
благополучие	2
воплощение	-2
почта	0
настроение	0
прообраз	0
выпускник	0
параджемаата	0
столица	0
ведение	0
кремль	0
набор	0
70-ти	2
оргкомитет	0
вероятность	0
легенда	0
символ	0
перемена	0
адрес	0
негодование	-2
человечество	0
шум	0
доминанта	0
согласие	2
первенец	0
лавра	0
совет	0
сожжение	0
новость	0
отвага	2
радио	0
диагностика	0
резолюция	0
учение	0
доступ	0
качество	0
профилактика	0
постройка	0
будущее	0
сладость	0
вхождение	0
вор	-2
панихида	0
недвижимость	0
способность	0
округа	0
ваджра	0
базилик	0
энергия	0
направление	0
приступ	0
культ	0
интернетом-источник	0
просвещение	0
снисхождение	0
гибель	0
жилье	0
вооружение	0
врач-гематолог	0
эвакуация	0
рай	0
вклад	2
пятница	0
бомба	-2
иерарх	0
предписание	0
отчаяние	2
яство	0
созвездие	0
ссылка	0
фаза	0
юношество	0
коллега	0
середина	0
мандат	0
польза	2
миллиард	0
этап	0
наличие	0
реальность	0
культура	2
свиток	0
призвание	0
случай	0
цифра	0
гость	0
крыльцо	0
полотно	0
юбка	0
учет	0
значение	0
поприще	0
штат	0
четверг	0
стол	0
господь	0
жилец	0
безумие	-2
билетик	0
язычник	0
прихожанка	0
общество	0
записка	0
храм-маяк	0
требование	0
церковь	2
комната	0
тревога	-2
процедура	0
доверие	0
возраст	0
рейс	0
припев	0
статуя	0
упорство	0
ожог	0
конгресс	0
арест	-2
клиника	0
подписание	0
произнесение	0
штраф	0
технология	0
военачальник	0
семья	0
бутылка	0
тяжесть	0
сопредседатель	0
произведение	0
рацион	0
раненый	0
купол	0
билборд	0
свод	0
иудей	-2
священник	2
печать	0
журналист	0
годовщина	0
травма	0
регистрация	0
гуманизм	0
вариант	0
кружок	0
привязаность	2
представитель	2
бремя	0
охрана	0
воспоминание	0
мак	0
версия	0
фотолента	0
недоимка	0
желающий	0
реорганизация	0
притеснение	-2
здание	0
солидарность	2
крест	0
милосердие	2
ab	0
брат	0
шутка	0
раб	0
моль	0
обогрев	0
искусство	2
противоположность	-2
признак	0
захолустье	0
отступник	0
прощание	0
аспект	0
порядок	0
камень	2
подросток	0
становление	0
помолився	0
а	0
сооснователь	0
напоминание	0
террор	-2
мефимон	0
опасение	0
кончина	-2
правоохранитель	0
роль	0
рознь	0
объем	0
мастерство	2
выделение	0
название	0
точка	0
лист	0
послушание	0
установка	0
помощь	2
баловень	0
оправдание	0
перечисление	0
отпор	0
оставление	0
аристократка	0
страна	0
исход	0
август	0
окраина	0
достоинство	2
измерение	0
домик	0
стадо	0
смерть	0
предмет	0
монашество	0
миллион	0
тувинец	0
наряд	0
участие	0
старообрядец	0
глава	2
царствование	0
необходимость	0
поезд	0
теология	0
авторитет	0
православие	0
каталог	0
академик	2
сообщество	0
надежда	2
миграция	0
мироощущение	0
организация	0
обитель	0
перенесение	0
учитель	0
кровь	0
юноша	0
продление	0
сан	0
краска	0
книга	0
проблема	2
процесс	0
депортация	0
служитель	0
депутат	0
ваххабит	0
акция	0
келейник	0
мозг	0
дева	0
воинство	0
студент	0
финансирование	0
нож	0
уровень	0
протест	0
постпредство	0
даосизм	2
гетто	0
гмина	0
дело	0
ночлежка	0
экстремист	-2
достаток	0
обрезание	0
порт	0
часовня	0
грядущее	0
аскет	-2
огонь	0
угощение	0
подпись	0
публицист	0
проверка	0
гал	0
образец	0
анатифимь	0
пирамида	0
землевладелец	0
ведомство	2
пожар	0
надпись	0
свист	0
обычай	0
монгол	0
техника	0
след	0
экономика	0
передача	0
перерождение	0
пурим	0
мальчик	0
молодежь	0
ограничение	0
июль	0
отречение	0
пелена	0
турнир	0
общественность	0
конфессия	0
куртка	0
дверь	0
мед	0
офицер	0
греков	0
крах	-2
жизнь	0
изучение	2
крыша	0
икономия	0
появление	0
благодеяние	0
крематорий	0
мученичество	-2
медпункт	0
деревня	0
ружье	0
совещание	0
половина	0
театр	0
разрушение	-2
визит	0
должность	0
молва	0
королевство	0
актуальность	0
попечение	2
свидетельство	0
наименование	0
регион	0
викарий	0
заражение	0
материал	2
бездомность	0
факт	0
результат	2
снег	0
насилие	-2
царство	0
закрытие	0
вмешательство	0
возражение	0
монах	0
позиция	0
удовольствие	2
карнавал	0
материк	0
несчастие	-2
профессор	2
страдание	-2
письмо	0
карзин	0
здоровье	2
сутки	0
придел	0
синагога	0
сведение	0
пора	0
причастность	0
ругательство	-2
сателлит	0
аспирантура	0
почка	0
политика	0
притча	0
пресс-релиз	0
родина	2
вица	0
валид	0
единоверец	0
рождение	0
причина	0
лето	2
горе	0
побоище	0
переводчик	0
летописец	0
кооперация	0
конверт	0
мэр	0
аудиенция	0
препятствие	0
нунциатура	0
пассажир	0
благо	0
порог	0
замысел	0
соседство	0
покой	0
союз	0
уничтожение	-2
коалиция	0
честь	2
тщеславие	-2
евро	0
заказчица	0
баталия	0
полуостров	0
ислам	0
буддист	0
умерший	0
противостояние	0
учащийся	0
повод	0
кризис	0
авиарейс	0
цветок	2
обстрел	0
сотня	0
мышца	0
сотрудник	0
поклон	0
наследие	0
заявление	0
идея	0
радикал	0
км	0
реновация	0
воззвание	0
строфа	0
следование	0
актив	0
страсть	0
тесто	0
испытание	0
виселица	0
тропарь	0
правда	0
обсуждение	0
масло	0
новобрачный	0
втор	0
эмоция	-2
христиана-сириец	0
очевидец	0
минус	0
защитник	2
чудотворец	0
католицизм	0
путь	0
парламентарий	0
чтец	0
разговор	0
следствие	0
десятилетие	0
радость	2
видеозапись	0
корыстность	-2
обучение	0
магия	0
родственница	0
угроза	0
запрет	0
командование	2
9-й	0
епархия	2
покушение	0
90-ха	0
чудовище	-2
пустословие	-2
предположение	0
мама	0
загадка	2
время	0
лоб	0
стояние	0
гражданин	0
ночлег	0
сближение	0
трещотка	0
дружинник	0
дипломат	2
некрополь	0
правомерность	0
знамя	0
шапка	0
состав	0
заговение	0
полнолуние	0
тибетец	0
54-ть	0
пресс	0
народ	0
лампада	0
анафема	0
радикализация	0
четки	0
ошибка	0
псалом	0
доблесть	2
слушатель	0
главк	0
обеспечение	0
сторонник	0
воздаяние	0
женщина-пророчица	0
холод	0
народонаселение	0
отсутствие	0
вдохновение	0
пресс-канцелярия	0
инсценировка	0
героиня	0
методика	0
расправа	0
идолопоклонство	0
старец	0
неосторожность	-2
бен	0
поликлиника	2
семинар	0
ангел	2
утверждение	0
фракция	0
хвала	2
толковник	0
чин	0
скандал	-2
лев	0
героизм	2
мир	2
опрос	0
перезвон	0
греховность	0
оружие	0
благословение	0
шоколад	0
печь	0
перебор	0
размер	0
владелец	0
объект	0
недоумение	-2
понтифик	0
округ	0
урегулирование	0
к	0
республиканец	0
подруга	0
диалог	0
норма	0
немец	0
очередь	0
заряд	0
платок	0
взвод	0
летопись	0
безопасность	0
кардинал	2
возгорание	0
грех	-2
блин	0
возвышение	0
происхождение	0
посвящение	0
священномученик	2
идеология	0
процветание	2
перерыв	0
воск	0
пострадавший	0
сфера	0
новолетие	0
методология	0
молебен	0
сжигание	0
способ	0
распределение	0
крушение	-2
кораблекрушение	0
добродетель	2
приглашение	0
соотечественник	0
мозаика	0
суббота	0
теракт	0
глаз	0
соучастник	0
сочувствие	2
хобби	0
продукт	0
единодушие	0
премьер-министр	0
озеро	0
любимец	2
факультет	0
октябрь	0
рыцарь	0
текст	0
аэропорт	0
католик	0
целое	0
сердце	0
контроль	0
преступник	0
держава	0
заммуфтий	0
пункт	0
жена	0
пастух	0
элита	0
просьба	0
конференция	0
договоренность	0
монахиня	0
специализация	2
искусствовед	0
прощение	0
публикация	0
чемпионка	0
свобода	0
сотрудничество	0
город	2
ветер	2
терес	0
ам	0
ходатайство	0
построение	0
берег	0
поляков	0
нацизм	-2
пигмент	0
философия	0
благодарение	2
жертва	0
право	0
полка	0
нападение	0
документация	0
экипаж	0
сажень	0
военнослужащий	0
захват	0
стремление	2
спасение	2
камера	0
событие	0
бомбардировщик	0
благочестие	2
речь	0
стадия	0
прподбной	0
обеспокоенность	0
полиция	0
заря	0
источник	0
дворец	0
проща	0
бедствие	-2
праотец	0
необъятность	0
интрига	0
долголетие	0
женщина	0
статус-кво	0
прах	0
особенность	0
вред	-2
неустойка	0
род	0
слово	0
пресс-служба	0
antiquo	0
устав	0
вступление	0
сница	0
вероисповедание	0
портал	0
подарок	0
бок	0
урок	0
посольство	0
благоустройство	0
неповиновение	-2
возрождение	0
седмица	2
раскопка	0
девушка	0
наказание	0
плод	0
макет	0
этика	2
исключение	0
издание	0
озабоченность	0
медресе	0
наследство	0
рамка	0
пятидесятник	0
высказывание	0
ранг	0
обитатель	0
подверстывание	0
старейшина	0
аргумент	0
красота	2
фестиваль	0
станция	0
рейка	0
гумпомощь	0
аппарат	0
кассация	0
прель	0
игра	0
облегчение	2
искушение	0
организатор	0
вторник	0
тема	0
преемник	0
20-ть	0
оклад	0
крещение	0
сожаление	0
военный	0
националист	0
уклон	0
подопечный	0
управляющий	0
понимание	0
мерка	0
проречение	0
келья	0
подлинник	0
историк-востоковед	0
терпение	0
численность	0
подход	0
продовольствие	0
виновность	-2
деятель	0
холм	0
споспешник	0
поддержание	0
родитель	0
поручение	0
бабушка	0
криминализация	-2
мученик	-2
проспект	0
ущерб	-2
инициатива	0
пятиэтажка	0
саможаление	0
спокойствие	2
возникновение	0
посещение	0
восстановление	0
замер	0
пригород	0
пример	0
документ	0
идиш	0
13-го	0
фильм	0
встреча	0
фактор	0
кормилец	0
старица	0
поколение	0
ведущий	0
экс-глава	0
памятник	0
молитва	2
ценность	2
строка	0
протоиерей	2
гроб	0
нефть	0
хранитель	0
лагерь	0
основатель	0
судно	0
колоссянин	0
свеча	2
эмир	0
брак	0
с	0
работник	0
потенциал	0
стража	0
боевик	0
самарянин	-2
отдых	0
вес	0
перспектива	0
привязка	0
слепота	0
рейх	0
передовая	0
праздник	2
большинство	0
уважение	2
подвижник	2
пещера	0
невинность	2
беженец	0
сентябрь	0
говение	2
площадь	0
э	0
форум	0
милостыня	0
похороны	0
сооружение	0
уголь	0
воспитание	2
рельс	0
кампания	0
кафедра	0
восстание	0
забой	0
войско	0
согрешение	-2
шумиха	0
брань	-2
в	0
акцент	0
виновник-поляк	0
мистерия	0
пуп	0
иконоборец	2
комиссия	0
бал	0
понятие	0
связь	2
ход	0
книжник	0
край	0
умиротворение	0
мощи	0
вид	0
призывник	0
пастор	0
дух	0
террорист	0
злоба	-2
буква	0
теолог	0
падение	0
страна-член	2
жребий	0
конвенция	0
паломник	0
осужденный	0
руководство	0
манот	0
помазание	0
времяпрепровождение	0
останки	0
писатель	0
узник	0
век	0
область	0
флаг	0
действительность	0
конь	0
расстрел	-2
образование	2
популяризация	2
взгляд	0
тьма	0
ассоциация	0
телестудия	0
мэрия	2
мноз	0
чувство	-2
разорение	0
окрестности	0
яйцо	0
поклонение	0
экспонат	0
мотив	0
тактика	0
биопсия	0
положение	0
хурал	0
ключ	0
подозреваемый	0
рена	0
шествие	0
махинация	-2
переговоры	0
содействие	2
общение	0
цепь	0
врач-лаборант	2
формация	0
дипломатия	0
царь	0
устой	0
ведро	0
добро	2
бумага	0
защитница	0
сложность	0
поверхность	0
секретариат	2
суд	0
часть	0
резник	0
шабаш	0
постановка	0
университет	0
mihi	0
перс	0
история	2
сравнение	0
эпоха	0
тест	0
молчание	0
многословие	0
бездомный	0
дом	2
взаимоотношение	0
программа	0
злоупотребление	-2
ученый	0
постол	0
животное	0
сосед-поляк	0
свержение	-2
линия	0
замминистра	0
свет	0
