оккупировать	0
террористический	-2
международный	2
муромский	0
короткий	0
определять	0
полагать	0
формировать	0
целесообразный	0
автобусный	0
привлекательный	2
пропадать	0
концертный	0
политический	2
запутанный	0
являть	0
иерусалимский	0
совершенный	0
чудовищный	0
западный	0
сирийский	2
монастырский	2
экстремистский	-2
связывать	2
подчеркивать	0
призванный	0
сосредотачивать	0
турецкий	0
огромный	0
страшный	-2
мощный	0
константинопольский	2
минимальный	-2
сельский	0
формальный	0
лишать	0
включать	0
революционный	0
кукольный	0
монгольский	0
22-летний	0
священный	0
правительственный	0
обитать	0
выявлять	0
светлый	0
юный	2
благой	2
упокоевать	0
аттестационный	0
спасательный	2
верховный	0
видный	0
музейный	2
апелляционный	0
железный	2
бесценный	2
молодой	2
активный	2
кошерный	0
тогдашний	2
неотъемлемый	0
возможный	0
обтекаемый	0
югославский	2
прошлый	0
доставлять	0
точный	0
сохранять	0
мужской	0
безответственный	-2
драматический	0
холодный	0
привносить	0
мировой	0
занимать	0
причинять	0
погребать	0
просторечный	0
труднодоступный	0
отремонтировать	0
многонациональный	0
тронутый	0
вмещать	0
внезапный	0
сложный	0
хозяйский	0
спровоцировать	0
хозяйственный	0
циничный	-2
расти	0
общеевропейский	0
знакомый	0
перечислять	0
летописный	0
мнимый	0
дозволять	0
сохраняться	0
обездоленный	0
маловажный	0
милостивый	0
капитальный	0
усиленный	0
приспособлять	0
печатный	0
документальный	2
эвакуировать	0
учреждать	0
удостоить	0
осуждать	0
располагать	2
боковой	0
арендовать	0
проводить	0
возглавлять	2
культурно-досуговыя	0
причислять	0
стаскивать	0
репрессивный	0
прерывать	0
наносить	0
заминировать	0
искренний	2
связанный	0
пасхальный	0
осмысленный	0
китайский	0
общешкольный	0
спокойный	0
протестантский	2
называть	0
запускать	0
неустанный	0
олимпийский	0
наперсный	0
почетный	0
реальный	0
объявлять	0
отменять	0
божественный	0
внутриутробный	0
взрослый	0
продолжительный	2
прекращать	0
отделимый	0
необходимый	0
передавать	0
плохой	-2
отечественный	0
вечный	0
решительный	0
уносить	0
виртуальный	0
хороший	2
коммунистический	2
островной	0
мучительный	0
собранный	0
персиковый	0
освящать	0
простудный	0
нацистский	-2
опубликовывать	0
разноцветный	0
нападать	0
потушить	2
объяснимый	0
построить	2
образовательный	2
давать	0
средневековый	0
нарушать	0
правоохранительный	0
громкий	0
яркий	0
платный	0
рабочий	0
финансовый	0
нормальный	0
канонизировать	0
регулярный	2
затоплять	0
опасный	-2
оказывать	0
немой	0
бородатый	0
национальный	0
изображать	0
бездомный	0
проповеднический	0
потрясать	0
архивный	0
украшать	2
паломнический	0
доставаться	0
уверенный	0
нижний	0
знаменитый	2
объективный	0
доверять	0
уникальный	2
татарский	2
сербско-византийский	0
экстренный	0
рабский	0
конкретный	0
персидский	0
стрелять	0
становиться	0
библейский	2
окончательный	0
инициировать	0
опорно-двигательный	0
рассчитать	0
оправдывать	0
уделять	0
действовать	0
бедный	0
церковный	2
путешествовать	0
возлюбленный	0
святоотеческий	0
астрологический	0
предварительный	0
федеральный	0
обеспокоить	0
вольный	0
заведомый	0
чистый	0
американский	2
православный	2
собираться	0
ответственный	0
искусный	2
анонимный	0
поворотный	0
любимый	2
внутренний	2
кафедральный	0
благочестивый	2
сказать	0
коммерческий	0
дремать	2
стандартный	0
беспрепятственный	-2
веский	0
будущий	0
потерять	0
спасительный	2
иконописный	0
странный	0
каркасный	0
ценный	2
суверенный	0
лунный	2
явный	0
разный	2
главый	0
понятный	0
осквернять	0
рядовой	0
красный	2
человеконенавистнический	0
сформулировать	0
видеть	0
составлять	0
полноценный	0
целеустремленный	2
прилегать	0
идентифицировать	0
позитивный	0
богатый	2
жилой	2
разрушать	2
непременный	0
театрализованный	0
помещать	0
своеобразный	2
безвыходный	0
страстной	0
блудный	0
стационарный	0
древний	2
предыдущий	0
отправляться	0
ключевой	0
предварять	0
крошечный	0
оставаться	0
разрушительный	0
иметь	0
создавать	0
властолюбивый	0
востребовать	2
показательный	0
должный	0
письменный	0
покаянный	0
целый	0
суровый	0
оказываться	0
действительный	0
многомилостивый	0
подавлять	0
адресовать	0
богословский	0
избирать	0
ошибочный	-2
снимать	0
невинный	0
осмысливать	0
приоритетный	0
возносить	0
24-летний	0
благотворительный	2
добрососедский	2
разумный	0
страстный	0
благословенный	0
выездной	0
праздничный	0
епархиальный	0
традиционный	0
госпитализировать	0
появляться	0
судьбоносный	2
поздравительный	0
принадлежать	0
бессмысленный	-2
псевдорелигиозный	0
халяльный	0
похоронить	0
поднести	0
неимоверный	0
поздний	0
умирать	0
личный	2
европейский	2
чтить	0
устанавливать	0
багряный	0
приурочивать	0
обратный	0
рукописный	0
свечной	0
заупокойный	0
духовный	2
розовый	0
сегодняшний	0
единый	0
шоколадный	0
людской	0
хрустальный	0
живой	0
излагать	0
родной	0
предпоследний	0
тюремный	0
окружать	0
отпетый	0
московский	0
баптистский	0
долгосрочный	0
табалять	0
муфтиять	0
нравственный	2
вынуждать	0
нуждаться	0
похожий	0
молиться	0
разделять	0
уничтожать	0
подтвердить	0
грекоязычный	0
кровеносный	0
курировать	0
календарный	0
передвижной	0
нагой	0
готовый	0
долгополый	0
проходимый	0
военный	2
отдельный	0
простой	0
пальмовый	0
находить	0
маленький	0
методический	0
расстраивать	0
белградский	0
социальный	0
обезвреживать	0
большой	0
лишний	0
посвящать	2
собирать	2
святой	2
зимний	0
подходить	0
лондонский	0
богоборческий	0
научно-образовательный	0
паллиативный	0
основывать	2
двукратный	0
техногенный	0
символизировать	0
переходить	0
собственный	0
местночтимый	0
перенести	0
вырубать	0
увезти	0
официальный	0
недополученный	0
чрезмерный	0
взять	0
теологический	0
самобытный	0
медленный	0
входить	0
вносить	0
любить	0
человечный	2
23-летний	2
мрачный	0
распинать	0
значительный	2
русский	2
приходский	0
славянский	0
качественный	2
золотой	0
раздражительный	0
подмосковный	0
усиливать	0
интеллектуальный	2
существовать	0
мультимедийный	0
свирепый	0
тибетский	2
пурпурный	0
душевный	2
монашеский	0
новгородский	0
консалтинговый	2
старый	2
автокефальный	2
окружающий	0
погребальный	0
скромный	0
бывший	0
вечерний	0
одевать	0
расследовать	0
входной	0
воспитывать	0
небесный	0
продуктовый	0
брючный	0
амбулаторный	0
общегуманитарный	0
респираторный	0
проповедовать	0
романтический	0
молельный	0
патриарший	0
расписывать	0
горячий	0
сладкий	0
острый	2
чреватый	0
сыропустный	0
вовлекать	2
высокий	2
масштабный	0
воздвигать	0
баснословный	0
знаменательный	0
открывать	0
сильный	0
субботний	0
ливано-сирийский	0
исключать	0
почитать	0
еврейский	2
определенный	0
погибший	2
влиятельный	2
приглашать	0
унылый	0
символический	0
поставлять	0
привычный	0
обновлять	0
египетский	2
убивать	0
весенний	0
сахарный	0
бюрократический	0
откровенный	0
медицинский	0
иудейский	0
характерный	2
сугубый	0
подводный	0
рукополагать	0
очевидный	0
предлагать	0
научно-практический	0
межрелигиозный	0
уголовный	0
исповедовать	0
раздражать	0
надумывать	0
благожелательный	2
проживать	2
довольный	2
провокационный	0
идти	0
вызывать	2
офисный	0
крупномасштабный	2
крестный	0
патриотический	0
монотеистический	0
многочисленный	0
высокопоставленный	0
беременный	0
неприличный	-2
фруктовый	0
одерживать	0
музейно-просветительский	0
раскрывать	0
женский	0
казахстанский	0
надлежащий	2
полный	0
защитный	0
освобождать	0
исследовательский	0
ожидать	0
особый	2
возлагать	0
растительный	0
крайний	0
подготовительный	0
горький	0
экстремальный	0
заслонять	0
опрашивать	0
наделять	0
вводить	0
статистический	0
молчаливый	2
скульптурный	0
болгарский	2
домашний	0
убежденный	0
комплексный	2
вывозить	0
чудотворный	0
поругать	0
незапамятный	0
представлять	0
ежегодный	0
настоятельский	0
начальствующий	0
начальный	0
брит-милый	0
индийский	0
грубый	0
воспитательный	2
мясопустный	0
враждовать	0
громадный	0
тяжелый	0
выдающийся	2
свидетельствовать	2
выковывать	0
повседневный	0
благодарный	2
кровопролитный	-2
исходить	0
анафематствовать	0
малоимущий	0
одноименный	0
приятный	2
издавать	0
смертный	0
греко-католический	0
сливочный	0
добровольческий	2
прославленный	2
однообразный	0
современный	2
коломенский	0
культурный	2
торговый	0
великокняжеский	0
ливийский	0
долгий	2
изгонять	0
общий	0
дивный	2
процветать	0
специальный	0
неожиданный	0
хабаровский	0
полезный	2
аэрокосмический	0
запланировать	0
греческий	2
прошедший	0
неподобающий	0
ослеплять	0
канонический	0
завершать	0
равноапостольный	2
мусульманский	2
расположенный	0
ветхозаветный	0
доступный	0
земной	0
абрикосовый	0
ближний	0
отрицательный	0
глубокий	2
кризисный	-2
методологический	0
негативный	0
срочный	0
лицензировать	0
врачебный	0
иллюстрированный	0
обещать	0
палестинский	2
консультативно-совещательный	0
компромиссный	0
генеральный	0
видимый	0
карнавальный	0
выделять	0
вырастать	0
крестовый	0
евангельский	0
израильский	2
очередной	0
праведный	0
исцелять	0
исландский	0
гипертонический	0
боевой	0
чужой	0
веровать	0
внеочередной	0
соборный	0
уставной	0
хирургический	0
небольшой	0
убирать	0
агрессивный	0
прибывать	0
тайный	0
намерен	0
крестить	0
разбитый	0
южный	0
раскаиваться	0
любовный	0
политкорректный	0
обычный	0
эффективный	2
пропитывать	0
переживать	0
избирательный	0
интерпретировать	0
взаимный	0
детский	0
закрытый	0
сытный	0
датский	0
объединять	0
удивительный	0
спасаться	0
населенный	0
годичный	0
предстоящий	0
крымский	0
треугольный	0
обременительный	0
чудесный	2
профильный	0
боснийский	0
приближенный	0
согласовывать	0
формационный	0
оправданный	0
армянский	2
педагогический	2
богослужебный	2
земельный	0
мемориальный	2
прославлять	0
просиять	0
обретать	0
солдатский	2
рассылать	0
популярный	2
банковский	0
распространенный	0
внебюджетный	0
грозный	0
маловероятный	0
жертвенный	0
кардинальский	0
синтетический	0
гражданский	0
итальянский	0
светский	2
профессиональный	0
прямой	0
древнерусский	0
быть	0
белый	0
факультативный	0
40-дневный	0
обширный	0
миссионерский	0
широкий	0
земляной	0
помогать	2
невежественный	0
жить	0
решать	0
18-летний	0
деликатный	2
добрый	2
желать	0
счастливый	2
длительный	2
благоприятный	2
предназначать	0
мирской	0
старший	0
рождаться	0
частый	0
находиться	2
придворный	2
примыкать	0
исконный	2
скончаться	2
разрешать	0
благоверный	2
длинный	0
тонкий	0
возбуждать	0
нужный	0
балканский	0
жадный	0
украинский	2
покорежить	0
минувший	0
135-летний	0
утренний	0
исламский	0
придерживаться	0
черный	0
ядерный	0
работать	2
незамедлительный	0
пилотный	0
научный	2
ревностный	0
человеческий	0
поступать	2
смысловой	0
признавать	0
умерший	0
преступный	-2
многовековой	0
эстонский	0
непосредственный	0
каяться	0
отмеривать	0
гуманитарный	2
архитектурный	0
буквальный	0
имущественный	0
прошлогодний	0
исполнять	0
почтовый	0
приготавливать	0
совершеннолетний	0
пожарный	0
поститься	0
различный	0
заявлять	0
обнародоваться	0
абсолютный	0
воздушный	0
римский	0
устраивать	0
пустой	0
отражать	0
нерасслабленный	2
скоромный	0
центральный	0
педиатрический	0
духовно-просветительский	0
сербский	2
президентский	0
железнодорожный	0
признанный	2
серьезный	2
усомниться	0
фактический	0
рекордный	0
великопостный	2
угнетенный	0
массовый	0
веселый	0
мобильный	0
императорский	2
новогодний	0
масленичный	0
архаический	0
соседний	0
настоящий	0
свежий	2
византийский	2
учредительный	0
эндокринный	0
краснодарский	0
соделывать	0
городской	0
совершать	0
мученический	0
трагический	0
пустынный	0
норвежский	0
стратегический	0
порождать	2
информированный	0
пищевой	0
вирусный	0
заметный	0
следующий	0
ближневосточный	0
рисовать	0
бандеровский	0
исторический	2
увенчивать	2
верующий	0
принимать	0
стремиться	0
межконфессиональный	0
действующий	0
левый	0
британский	0
кремлевский	0
крымско-татарский	0
править	0
митинговать	0
заключать	0
катарский	0
валентиновый	0
логистический	0
достойный	2
муниципальный	0
народный	2
распределять	0
скандинавский	0
казачий	0
употреблять	0
взрывать	0
приветственный	0
отвратительный	-2
последующий	0
дальнейший	0
летний	0
раздавать	0
зафиксировать	0
происходить	0
рад	0
сорокадневный	0
родительский	0
прикрываться	0
дельный	2
духовно-образовательный	2
пуримский	0
пользоваться	0
охотничий	0
указывать	0
написать	0
рифмовать	0
меньший	0
расстреливать	0
оборотный	0
мозаичный	2
подвергать	0
предшествовать	0
областной	0
драгоценный	0
торжественный	2
спускаться	0
состоять	2
бежать	0
закладывать	0
управляемый	0
разъединять	0
музыкальный	0
приводить	0
сытый	0
расширять	0
апостольский	0
систематический	2
перспективный	2
христианский	2
разъярять	0
внешний	2
существующий	0
возмездный	0
ранний	0
храмовый	0
польский	2
принятый	0
предстоять	2
вбирать	0
красочный	2
протестный	0
способствовать	2
возмущать	0
предшествующий	0
верный	0
божий	0
относительный	0
назначать	0
подробный	0
сырный	0
рекомендовать	0
пророческий	0
задерживать	0
касаться	0
жаждать	0
выпускать	0
бельгийский	0
папский	0
восточный	0
аккредитовать	2
ликвидировать	0
положительный	0
истинный	2
древнегреческий	0
засушивать	0
английский	0
глобальный	0
прикрывать	0
обезглавливать	0
случаться	0
уходящий	0
религиозный	2
российский	2
поводить	0
советский	0
бюджетный	0
приковывать	0
старинный	2
наполнять	0
парламентский	0
оперативный	0
коллективный	0
бедствовать	0
непрестанный	0
затяжной	0
временный	0
опечаливать	0
столичный	0
дискуссионный	2
общительный	2
сообщать	0
грешный	-2
слушать	0
телефонный	0
стихийный	0
каменный	0
верхний	0
астрономический	0
больший	0
пассажирский	0
уважительный	0
убиенный	0
запрещать	0
символичный	0
лунно-солнечный	0
жестокий	-2
сверхъестественный	0
охватывать	0
неизгладимый	0
принадлежащий	0
буддийский	2
последний	0
тяжкий	0
теплый	0
сатанинский	0
мертвый	0
способный	2
закрывать	0
родильный	0
распространять	0
монопольный	0
костный	0
базовый	0
увековечивать	0
творить	0
литургический	2
единственный	0
кесарев	0
предсказывать	0
следственный	0
естественный	0
заканчивать	0
немецкий	2
сделать	2
обязательный	0
двойственный	0
подписывать	0
танцевальный	0
близкий	0
разбивать	0
фольклорный	0
пожилой	0
голодный	0
законный	0
открытый	0
юридический	0
трудный	0
твердый	0
относить	0
напоминать	0
законодательный	2
казацкий	0
всенощный	0
сплошной	0
диссертационный	0
носить	0
продвигать	0
всероссийский	0
сердечный	0
квадратный	0
лихой	0
молочный	0
намаливать	2
соответствующий	0
совместный	0
скандальный	0
даровать	0
убедительный	0
развлекательный	0
ингушский	0
растерянный	0
готовиться	2
уцелеть	0
поместный	2
упразднять	0
скорый	0
просветительский	2
зарубежный	2
дагестанский	0
упоминать	0
влюбленный	0
дорожный	0
ведущий	2
насущный	0
скалистый	0
намечать	0
свободный	0
служить	2
пристальный	0
затрагивать	0
ливанско-сирийский	0
незаконный	-2
злой	-2
ростовский	0
великий	2
тотальный	0
приезжать	0
нейтральный	0
людный	0
отводить	0
прославляться	0
гореть	0
основной	2
инвестиционный	0
урологический	0
показывать	0
одарять	2
иностранный	0
дамоклов	0
призывать	0
всемирный	2
зрелый	0
юбилейный	0
топленый	0
подрастать	0
межнациональный	0
блаженный	0
увидеть	0
степной	0
греховный	-2
прочий	0
увеличивать	0
боголюбивый	0
поликонфессиональный	0
отправлять	0
пятиэтажный	2
погибать	0
интересный	2
спортивный	0
доврачебный	0
подымать	0
материальный	0
отбирать	0
греко-православный	2
римско-католический	0
новый	2
владимирский	0
общественный	2
кровавый	0
нынешний	0
талантливый	2
оборонный	0
местный	2
памятный	2
подобный	0
публичный	0
ночной	0
художественный	0
дисциплинарный	0
мирный	0
учебный	2
подобранный	2
начинать	0
аскетический	0
рентгенографический	2
контрольно-счетный	0
оканчиваться	0
установленный	0
пострадать	2
исполнительный	2
важный	0
прецедентный	2
обязывать	0
правый	0
догматический	0
колоссальный	0
импровизированный	0
почитаться	0
тесный	0
вступать	0
донской	0
конституционный	0
измученный	2
скорбный	0
одинокий	0
воскресный	0
выходить	0
государственный	2
материковый	0
дорогой	0
славный	2
крепкий	0
олицетворять	0
означать	0
приспускать	0
предусматривать	0
профилактический	0
ритуальный	0
комфортный	2
языческий	0
умышленный	0
одиночный	0
межхристианский	0
направлять	0
приходить	0
спасать	2
первоначальный	0
наказуемый	0
экспертный	0
моральный	0
частный	0
прощеный	0
физический	2
главный	2
постигать	0
популистский	0
общецерковный	2
красивый	2
устанавливаться	0
уязвимый	2
святогробский	0
подходящий	0
достигать	0
равноценный	0
литературный	2
открываться	0
мюнхенский	0
вмораживать	0
равный	0
уставный	0
снести	0
ежедневный	0
налоговый	0
злодейский	-2
ужасный	-2
фиолетовый	0
пастырский	0
совершаться	-2
далекий	0
легендарный	2
приемлемый	0
моровой	0
замечательный	2
утверждать	0
рекреационный	2
тщательный	0
наступать	0
вооруженный	0
историко-культурный	0
католический	2
строгий	2
убеждать	0
приверженный	0
возвращать	0
резкий	0
молодежный	2
крупный	2
данный	0
казнить	0
правильный	0
озабоченный	0
вентиляционный	0
исследовать	0
княжеский	0
безобидный	0
оформлять	0
воинский	0
сформировывать	0
причастный	0
многолетний	0
инженерный	0
возвещать	0
набережночелнинский	0
считаться	2
авторитетный	0
участвовать	0
известный	2
богоносный	0
незыблемый	0
оспоримый	0
босой	0
региональный	0
провозглашать	2
лицый	0
дополнять	0
отмечать	0
обжорный	0
семейный	2
